title	author	publication_year	author_gender	century	id	number_of_sentences	number_of_words
14 de Julho na roça	Raul Pompéia	1883.0	Male	1800	7632	4393.0	72694.0
345	Artur Azevedo	1904.0	Male	1900	7425	90.0	1389.0
6 rocks matutos & 1 romance rasgado. Sambarrancho do bar Jangadeiro	Salomão Rovedo	2007.0	Male	2000	70025	176.0	3674.0
7 Canções	Salomão Rovedo	2007.0	Male	2000	19343	70.0	1565.0
"A ""Não-me-toques""!"	Artur Azevedo	1904.0	Male	1900	7436	63.0	1785.0
A Abóboda	Alexandre Herculano	1836.0	Male	1800	81912	557.0	16876.0
A Alma Encantadora das Ruas	João do Rio	1908.0	Male	1900	2051	4092.0	73099.0
A Alma do Lázaro	José de Alencar	1852.0	Male	1800	7545	971.0	14161.0
A Almanjarra	Artur Azevedo	1904.0	Male	1900	7418	1038.0	9955.0
A Ama-Seca	Artur Azevedo	1904.0	Male	1900	7426	83.0	1107.0
A Arrábida	Alexandre Herculano	1839.0	Male	1800	7389	111.0	3613.0
A Bela Madame Vargas	João do Rio	1907.0	Male	1900	17347	2862.0	25534.0
A Brasileira de Prazins	Camilo Castelo Branco	1882.0	Male	1800	1778	3182.0	67493.0
A Campanha Abolicionista	José Carlos do Patrocínio	1883.0	Male	1800	2121	3396.0	92188.0
A Capital Federal	Artur Azevedo	1903.0	Male	1900	2222	3477.0	30715.0
A Carne	Júlio Ribeiro	1888.0	Male	1800	2123	3444.0	62798.0
A Carta	Pero Vaz de Caminha	1500.0	Male	1500	2003	411.0	9307.0
A Carteira	Machado de Assis	1884.0	Male	1800	16915	91.0	1588.0
A Cartomante	Machado de Assis	1884.0	Male	1800	1965	221.0	3898.0
A Casa Fechada	Roberto Gomes Ribeiro	1959.0	Male	1900	2010	668.0	6200.0
A Casadinha de Fresco	Artur Azevedo	1904.0	Male	1900	1756	2875.0	24550.0
A Casinha de Fresco	Artur Azevedo	1904.0	Male	1900	16548	2824.0	23514.0
A Causa Secreta	Machado de Assis	1885.0	Male	1800	16917	211.0	4002.0
A Chinela Turca	Machado de Assis	1875.0	Male	1800	1941	266.0	4295.0
A Cidade e as Serras	José Maria Eça de Queirós	1901.0	Male	1900	1790	3936.0	82677.0
A Condessa Vésper	Aluísio Azevedo	1871.0	Male	1800	2124	7808.0	124936.0
A Confissão de Lúcio	Mário de Sá-Carneiro	1913.0	Male	1900	16999	1401.0	30373.0
A Conquista	Coelho Neto	1899.0	Male	1800	7524	1789.0	32021.0
A Conselho do Marido	Artur Azevedo	1904.0	Male	1900	7428	33.0	474.0
A Cruz Mutilada	Alexandre Herculano	1845.0	Male	1800	7399	81.0	2066.0
A Dama das Camélias	Alexandre Dumas	1848.0	Male	1800	2238	2542.0	25962.0
A Dama do pé-de-cabra	Alexandre Herculano	1874.0	Male	1800	81913	461.0	9440.0
A Dança dos Ossos	Bernardo Guimarães	1876.0	Male	1800	16110	333.0	7773.0
A Desejada das Gentes	Machado de Assis	1870.0	Male	1800	16918	203.0	3658.0
A Desobediência Civil	Henry David Thoreau	1849.0	Male	1800	2249	367.0	11392.0
A Doença do Fabrício	Artur Azevedo	1904.0	Male	1900	7430	33.0	537.0
A Dívida	Artur Azevedo	1904.0	Male	1900	7429	234.0	3935.0
A Ela	Machado de Assis	1888.0	Male	1800	1899	51.0	706.0
A Escrava Isaura	Bernardo Guimarães	1875.0	Male	1800	1775	2955.0	62492.0
A Esfinge sem Segredo	Oscar Wilde	1893.0	Male	1800	2200	171.0	2343.0
A Filha Maria de Angu	Artur Azevedo	1904.0	Male	1900	16560	2073.0	18207.0
A Filha de Maria Angu	Artur Azevedo	1904.0	Male	1900	1758	2102.0	18920.0
A Filosofia do Mendes	Artur Azevedo	1904.0	Male	1900	7431	38.0	716.0
A Harpa do Crente	Alexandre Herculano	1872.0	Male	1800	16518	966.0	22333.0
A Herança	Machado de Assis	1896.0	Male	1800	17350	257.0	3303.0
A Igreja do Diabo	Machado de Assis	1884.0	Male	1800	1903	149.0	3290.0
A Ilha da Maré	Manuel Botelho de Oliveira	1877.0	Male	1800	16989	55.0	2215.0
A Ilustre Casa de Ramires	José Maria Eça de Queirós	1900.0	Male	1900	7529	6631.0	130746.0
A Inglezinha Barcelos	Machado de Assis	1872.0	Male	1800	17352	109.0	2021.0
A Intrusa	Júlia Lopes de Almeida	1887.0	Female	1800	2125	4590.0	64597.0
A J. J. C. Macedo-Júnior	Casimiro de Abreu	1875.0	Male	1800	84539	37.0	628.0
A Jóia	Artur Azevedo	1904.0	Male	1900	16561	1402.0	13102.0
A Luneta Mágica	Joaquim Manuel de Macedo	1869.0	Male	1800	2126	2673.0	63843.0
A Luta	Carmen Dolores	1872.0	Female	1800	7523	92.0	3650.0
A Luís	Antônio Frederico de Castro Alves	1878.0	Male	1800	86653	15.0	220.0
A Maciel Pinheiro	Antônio Frederico de Castro Alves	1876.0	Male	1800	86654	10.0	377.0
A Maldita Parentela	França Júnior	1877.0	Male	1800	1768	584.0	7573.0
A Marcelina	Artur Azevedo	1904.0	Male	1900	7432	105.0	1345.0
A Margem	José Leon Machado	1912.0	Male	1900	4979	2935.0	37108.0
A Marquesa de Santos	Paulo Setúbal	1944.0	Male	1900	17399	5812.0	77806.0
A Melhor Amiga	Artur Azevedo	1904.0	Male	1900	7433	89.0	1397.0
A Melhor Vingança	Artur Azevedo	1904.0	Male	1900	7434	33.0	777.0
A Mensageira das Violetas	Florbela Espanca	1931.0	Female	1900	1803	451.0	7927.0
A Metamorfose	Franz Kafka	1915.0	Male	1900	16641	805.0	22434.0
A Moreninha	Joaquim Manuel de Macedo	1844.0	Male	1800	2023	2895.0	56961.0
A Mortalha de Alzira	Aluísio Azevedo	1891.0	Male	1800	2057	3871.0	56812.0
A Morte de Helena	Auta de Sousa	1918.0	Female	1900	81652	18.0	283.0
A Morte do Lidador	Alexandre Herculano	1846.0	Male	1800	16519	169.0	4729.0
A Moça mais Bonita do Rio de Janeiro	Artur Azevedo	1904.0	Male	1900	7435	455.0	9706.0
A Mulher de Preto	Machado de Assis	1885.0	Male	1800	1881	663.0	10175.0
A Mão e a Luva	Machado de Assis	1874.0	Male	1800	2039	1841.0	40878.0
A Normalista	Adolfo Caminha	1888.0	Male	1800	16512	3941.0	71129.0
A Nota de Cem Mil-Réis	Artur Azevedo	1904.0	Male	1900	7437	56.0	747.0
A Nova Califórnia	Afonso Henriques de Lima Barreto	1897.0	Male	1800	16813	2599.0	53532.0
A Orgia dos Duendes	Bernardo Guimarães	1867.0	Male	1800	17318	64.0	1602.0
A Origem do Mênstruo	Bernardo Guimarães	1865.0	Male	1800	17322	48.0	1040.0
A Parasita Azul	Machado de Assis	1885.0	Male	1800	1894	970.0	16619.0
A Partida	Coelho Neto	1890.0	Male	1800	7527	884.0	16147.0
A Pata da Gazela	José de Alencar	1870.0	Male	1800	2096	2379.0	40264.0
A Pele do Lobo	Artur Azevedo	1904.0	Male	1900	16562	525.0	4418.0
A Pianista	Machado de Assis	1887.0	Male	1800	17357	584.0	9724.0
A Poesia Interminável	João da Cruz e Sousa	1905.0	Male	1900	2101	1591.0	35547.0
A Polêmica	Artur Azevedo	1915.0	Male	1900	7439	111.0	1859.0
A Princesa de Babilônia	François-Marie Arouet (Voltaire)	1768.0	Male	1700	2232	1111.0	29088.0
A Princesa dos Cajueiros	Artur Azevedo	1907.0	Male	1900	16564	1876.0	18337.0
A Relíquia	José Maria Eça de Queirós	1887.0	Male	1800	1794	4393.0	103834.0
A Retirada da Laguna	Visconde de Taunay	1888.0	Male	1800	2015	1907.0	48164.0
A Ritinha	Artur Azevedo	1886.0	Male	1800	7440	79.0	1140.0
A Segunda Vida	Machado de Assis	1884.0	Male	1800	1915	200.0	3466.0
A Semana	Machado de Assis	1901.0	Male	1900	16924	7048.0	145078.0
A Semana Santa	Alexandre Herculano	1870.0	Male	1800	7387	234.0	5080.0
A Senhora do Galvão	Machado de Assis	1878.0	Male	1800	1919	188.0	3304.0
A Sereníssima República	Machado de Assis	1876.0	Male	1800	1947	137.0	3455.0
A Tempestade	Alexandre Herculano	1875.0	Male	1800	7392	37.0	917.0
A Vida Eterna	Machado de Assis	1883.0	Male	1800	17358	303.0	5662.0
A Vitória e a Piedade	Alexandre Herculano	1871.0	Male	1800	7398	69.0	1618.0
A Viuvinha	José de Alencar	1860.0	Male	1800	16674	959.0	20033.0
A Viúva do Estanislau	Artur Azevedo	1904.0	Male	1900	7442	38.0	902.0
A Voz	Alexandre Herculano	1871.0	Male	1800	7388	14.0	410.0
A bico de pena: fantasias, contos e ferfis (coleção revivendo, nº 4)	Coelho Neto	1919.0	Male	1900	43200	3904.0	88416.0
A boa vista	Antônio Frederico de Castro Alves	1876.0	Male	1800	86652	44.0	876.0
A cachoeira	Antônio Frederico de Castro Alves	1876.0	Male	1800	86501	25.0	406.0
A cachoeira de Paulo Afonso	Antônio Frederico de Castro Alves	1876.0	Male	1800	35994	657.0	11660.0
A campanha da Cordilheira: diário do exército, volume 1	Visconde de Taunay	1876.0	Male	1800	43203	1623.0	61131.0
A canoa fantástica	Antônio Frederico de Castro Alves	1876.0	Male	1800	86502	17.0	168.0
A chave	Machado de Assis	1886.0	Male	1800	17900	506.0	7749.0
A criação fantástica do humano e o conhecimento de mundo: contextos para o estudo da obra frankenstein de Mary Shelley	Ana Claudia Brida	2015.0	Female	2000	121612	820.0	23567.0
A declamação trágica	José Basílio da Gama	1769.0	Male	1700	82095	135.0	2296.0
A descoberta da Índia	Coelho Neto	1900.0	Male	1900	43340	498.0	21952.0
A divina quimera	Eduardo Guimaraens	1901.0	Male	1900	17755	631.0	10683.0
A epifania em Clarice Lispector	Achilles Cleto Cabral da Luz	2012.0	Male	2000	164856	2893.0	27844.0
A esfinge sem segredo	Oscar Wilde	1893.0	Male	1800	3407	171.0	2343.0
A espantosa realidade das cousas	Alberto Caeiro da Silva	1914.0	Male	1900	82066	18.0	277.0
A evolução feminista e o comportamento da mulher entre as décadas de 60 e 80 nas obras de Nelson Rodrigues e Ignácio de Loyola Brandão	Andressa Aparecida Evangelista	2018.0	Female	2000	88529	174.0	3912.0
A falência	Júlia Lopes de Almeida	1901.0	Female	1900	7552	5268.0	87523.0
A garganta do diabo	Edio Riedi	2014.0	Male	2000	127636	7320.0	92399.0
A guerra que aflige com seus esquadrões	Alberto Caeiro da Silva	1914.0	Male	1900	82070	18.0	222.0
A história de Seny - A caminhada	Sylvia Senny	2017.0	Female	2000	142712	2415.0	28261.0
A idéia do Ezequiel Maia	Machado de Assis	1865.0	Male	1800	17896	165.0	3299.0
"A intertextualidade entre as obras de ""Romeu e Julieta"", de Shakespeare, e ""Inocência"" de Visconde de Taunay"	Priscila Fernandes De Moraes Soraggi	2016.0	Female	2000	199650	555.0	12292.0
A intrusa	Júlia Lopes de Almeida	1888.0	Female	1800	16681	4514.0	64661.0
A judia	Manuel Joaquim Pinheiro Chagas	1886.0	Male	1800	43213	2270.0	25399.0
A lotação do bondes	França Júnior	1879.0	Male	1800	7535	457.0	5435.0
A medida das saudades	Geraldo Pereira	1922.0	Male	1900	41862	1878.0	48542.0
A melhor das noivas	Machado de Assis	1895.0	Male	1800	17354	452.0	6733.0
A morgadinha dos canaviais: crônicas da aldeia	Júlio Dinis	1871.0	Male	1800	28806	10297.0	174828.0
A mulher Pálida	Machado de Assis	1888.0	Male	1800	17355	322.0	5503.0
A mulher de Anacleto	Afonso Henriques de Lima Barreto	1903.0	Male	1900	16812	31.0	579.0
A mágoa do Infeliz Cosme	Machado de Assis	1895.0	Male	1800	17353	328.0	4642.0
A presença da morte e do luto em exílio de Lya Luft	Rafael Rodrigues Gomes	2012.0	Male	2000	124737	1417.0	17306.0
A reação do bom senso	Jackson de Figueiredo	1920.0	Male	1900	43232	1474.0	55741.0
A tarde	Antônio Frederico de Castro Alves	1871.0	Male	1800	86504	15.0	438.0
A teia do contar na Nhecolândia - a personagem lendária Mãozão	Áurea Rita de Ávila Lima Ferreira	2018.0	Female	2000	137953	3632.0	77671.0
A tia Aninha	Artur Azevedo	1904.0	Male	1900	7441	79.0	1684.0
A uma atriz	Antônio Frederico de Castro Alves	1871.0	Male	1800	86656	29.0	346.0
A uma estrangeira	Antônio Frederico de Castro Alves	1871.0	Male	1800	86823	44.0	420.0
A uma taça feita de um crânio humano	Antônio Frederico de Castro Alves	1871.0	Male	1800	86824	17.0	207.0
A valsa	Casimiro de Abreu	1856.0	Male	1800	84542	21.0	356.0
A viúva Simões	Júlia Lopes de Almeida	1879.0	Female	1800	7553	2438.0	41879.0
A viúva Sobral	Machado de Assis	1897.0	Male	1800	17887	215.0	3291.0
A volta da primavera	Antônio Frederico de Castro Alves	1870.0	Male	1800	86821	26.0	307.0
A voz do rio	Casimiro de Abreu	1856.0	Male	1800	84544	22.0	432.0
A última receita	Machado de Assis	1889.0	Male	1800	17941	215.0	2293.0
A***	Casimiro de Abreu	1868.0	Male	1800	84546	16.0	329.0
Abel e Helena	Artur Azevedo	1888.0	Male	1800	16546	2190.0	20014.0
Abgar Renault. Antologia de sonetos	Salomão Rovedo	2007.0	Male	2000	70022	594.0	18761.0
Abrãao e as frutas. (Coleção literatura para todos; v. 9)	Luciana V. P. de Mendonça	2007.0	Female	2000	50056	261.0	5577.0
Acho tão natural que não se pense	Alberto Caeiro da Silva	1914.0	Male	1900	82063	13.0	170.0
Acima do dó central	Abdul Cadre	2014.0	Male	2000	22681	88.0	1843.0
Acordar e despertar: pequenos toques para acordar ao lado da felicidade	Priscila Lima Rovedo	2017.0	Female	2000	65734	345.0	9252.0
Actores e autores	Fialho de Almeida	1888.0	Male	1800	43215	1828.0	56142.0
Adeus	Antônio Frederico de Castro Alves	1867.0	Male	1800	86505	19.0	174.0
Adormecida	Antônio Frederico de Castro Alves	1871.0	Male	1800	86825	20.0	257.0
Advertência	Mário de Alencar	1925.0	Male	1900	7561	4763.0	54365.0
Adão e Eva	Machado de Assis	1905.0	Male	1900	16925	108.0	2284.0
Agonia do Coração	Auta de Sousa	1918.0	Female	1900	81668	12.0	156.0
Ahasverus e o gênio	Antônio Frederico de Castro Alves	1871.0	Male	1800	86827	27.0	370.0
Ai flores, ai flores do verde pino	Dom Dinis	1300.0	Male	1300	86555	16.0	213.0
Alfarrábios: o Ermitão da Glória	José de Alencar	1875.0	Male	1800	43220	1742.0	33142.0
Alfarrábios: o Garatuja	José de Alencar	1873.0	Male	1800	43217	1667.0	40421.0
Alma Cabocla	Paulo Setúbal	1917.0	Male	1900	17397	629.0	12349.0
Alma inquieta	Olavo Bilac	1908.0	Male	1900	1996	677.0	11767.0
Almas Agradecidas	Machado de Assis	1863.0	Male	1800	17359	593.0	7750.0
Almejos da angelitude - pensamentos	Valdecir de Oliveira Anselmo	2014.0	Male	2000	19314	198.0	5446.0
Alves & Cia.	José Maria Eça de Queirós	1887.0	Male	1800	16619	1411.0	28794.0
Amad'e meu amigo	Dom Dinis	1300.0	Male	1300	86557	12.0	123.0
Amante	Antônio Frederico de Castro Alves	1871.0	Male	1800	86506	16.0	175.0
Amaricanto	Salomão Rovedo	2007.0	Male	2000	17718	484.0	7623.0
Americanas	Machado de Assis	1905.0	Male	1900	2062	962.0	21457.0
Amigo, queredes-vos ir?	Dom Dinis	1300.0	Male	1300	86692	11.0	189.0
Amor com amor se paga	França Júnior	1874.0	Male	1800	1804	390.0	4739.0
Amor de Perdição	Camilo Castelo Branco	1862.0	Male	1800	16586	3259.0	56626.0
Amor de Salvação	Camilo Castelo Branco	1864.0	Male	1800	88534	2869.0	58765.0
Amor e Pátria	Joaquim Manuel de Macedo	1875.0	Male	1800	16668	431.0	8003.0
Amor por Anexins	Artur Azevedo	1904.0	Male	1900	2063	484.0	4486.0
Anedota Pecuniária	Machado de Assis	1884.0	Male	1800	1913	219.0	3925.0
Anedota do Cabriolet	Machado de Assis	1884.0	Male	1800	1961	160.0	3086.0
Angelica e Firmino	Manuel José Araújo Porto-Alegre	1850.0	Male	1800	2130	2213.0	37117.0
Angelina	Auta de Sousa	1918.0	Female	1900	81684	15.0	270.0
Angelitude	Valdecir de Oliveira Anselmo	2014.0	Male	2000	16232	82.0	6241.0
Antes da Missa	Machado de Assis	1884.0	Male	1800	17370	203.0	1992.0
Antes da Rocha Tapéia	Machado de Assis	1884.0	Male	1800	17360	78.0	1528.0
Antes que Cases	Machado de Assis	1884.0	Male	1800	17371	679.0	8926.0
Antologia	Antero de Quental	1892.0	Male	1800	1738	1712.0	35783.0
Antonica da Silva	Joaquim Manuel de Macedo	1875.0	Male	1800	2131	1418.0	17714.0
Antônio Rodrigues, soldado, viajante e jesuíta português na América do Sul no século XVI	Antônio Rodrigues	1576.0	Male	1500	2065	117.0	3643.0
Ao Cair da Noite	Auta de Sousa	1918.0	Female	1900	81645	14.0	241.0
Ao Clarão da Lua	Auta de Sousa	1918.0	Female	1900	81670	26.0	262.0
Ao Correr da Pena	José de Alencar	1876.0	Male	1800	1838	3766.0	102292.0
Ao Entardecer (contos vários)	Visconde de Taunay	1876.0	Male	1800	2013	1677.0	38790.0
Ao Luar	Auta de Sousa	1918.0	Female	1900	81686	16.0	270.0
Ao Meu Bom Anjo	Auta de Sousa	1918.0	Female	1900	81646	11.0	203.0
Ao Pé de um Berço	Auta de Sousa	1918.0	Female	1900	81672	20.0	383.0
Ao Senhor do Bomfim	Auta de Sousa	1918.0	Female	1900	81673	11.0	123.0
Ao ator Joaquim Augusto	Antônio Frederico de Castro Alves	1871.0	Male	1800	86828	37.0	451.0
Ao dous de julho	Antônio Frederico de Castro Alves	1871.0	Male	1800	86829	29.0	441.0
Aos Vinte Anos	Aluísio Azevedo	1885.0	Male	1800	16528	145.0	1807.0
Apaixonada por Beethoven	Salomão Rovedo	2007.0	Male	2000	70016	1084.0	21745.0
Apologos: contos para criança	Coelho Neto	1898.0	Male	1800	43230	1409.0	32068.0
Aproximações. Ensaios sobre literatura	Sônia Régis	2007.0	Female	2000	69968	1342.0	33384.0
Arras por Foro de Espanha (1371-1372)	Alexandre Herculano	1843.0	Male	1800	16520	1243.0	32608.0
As Academias de Sião	Machado de Assis	1884.0	Male	1800	1920	172.0	3177.0
As Asas de um Anjo (Comédia)	José de Alencar	1856.0	Male	1800	43235	5118.0	32898.0
As Asas de um Anjo (Peça)	José de Alencar	1856.0	Male	1800	16676	26.0	998.0
As Asneiras do Guedes	Artur Azevedo	1904.0	Male	1900	7443	71.0	884.0
As Bodas de Luís Duarte	Machado de Assis	1861.0	Male	1800	1895	327.0	6527.0
As Cartas de Amabed	François-Marie Arouet (Voltaire)	1769.0	Male	1700	2241	1019.0	20358.0
As Casadas Solteiras	Luís Carlos Martins Pena	1845.0	Male	1800	17001	1602.0	15345.0
As Cerejas	Artur Azevedo	1904.0	Male	1900	7444	59.0	702.0
As Doutoras	França Júnior	1879.0	Male	1800	2082	1901.0	20393.0
As Farpas (Fevereiro a Maio 1878)	José Maria Eça de Queirós	1878.0	Male	1800	3739	679.0	22061.0
As Farpas (Janeiro 1878)	Ramalho Ortigão	1878.0	Male	1800	81703	725.0	22975.0
As Farpas (Janeiro 1878)	José Maria Eça de Queirós	1878.0	Male	1800	3740	725.0	22934.0
As Farpas (Janeiro a Fevereiro 1873)	José Maria Eça de Queirós	1873.0	Male	1800	3807	753.0	21884.0
As Farpas (Junho 1883)	José Maria Eça de Queirós	1883.0	Male	1800	3745	692.0	20659.0
As Farpas (Junho a Julho 1882)	José Maria Eça de Queirós	1882.0	Male	1800	3744	606.0	22199.0
As Farpas (Março a Abril 1873)	José Maria Eça de Queirós	1873.0	Male	1800	3808	751.0	21436.0
As Farpas (Novembro a Dezembro 1882)	José Maria Eça de Queirós	1882.0	Male	1800	3800	650.0	21691.0
As Farpas (Outubro a Novembro 1873)	José Maria Eça de Queirós	1873.0	Male	1800	3809	805.0	22921.0
As Forças Caudinas	Machado de Assis	1884.0	Male	1800	17373	1038.0	9742.0
As Maluquices do Imperador	Paulo Setúbal	1944.0	Male	1900	7621	4497.0	62165.0
As Mulheres de Mantilha	Joaquim Manuel de Macedo	1875.0	Male	1800	2133	3298.0	78813.0
As Paradas	Artur Azevedo	1904.0	Male	1900	7446	31.0	563.0
As Primaveras	Casimiro de Abreu	1859.0	Male	1800	2173	1437.0	21987.0
As Pupilas do Senhor Reitor	Júlio Dinis	1867.0	Male	1800	16683	6839.0	111254.0
Assim!	Casimiro de Abreu	1855.0	Male	1800	84551	15.0	138.0
Assombramento	Afonso Arinos	1898.0	Male	1800	7374	440.0	8190.0
Assunto para um Conto	Artur Azevedo	1904.0	Male	1900	7447	27.0	633.0
Astúcias de Marido	Machado de Assis	1865.0	Male	1800	17375	418.0	6706.0
Astúcias de namorada	M. Pinheiro Chagas	1871.0	Male	1800	7558	439.0	11310.0
Atir: cartas, contos e crônicas	Rilvan Batista de Santana	2017.0	Male	2000	121611	1505.0	33054.0
Aurora sem Dia	Machado de Assis	1873.0	Male	1800	1897	91.0	1751.0
Auto Representado na Festa de São Lourenço	Pe. José de Anchieta	1584.0	Male	1500	17391	659.0	8449.0
Auto da Alma	Gil Vicente	1518.0	Male	1500	16645	236.0	4106.0
Auto da Barca do Inferno	Gil Vicente	1517.0	Male	1500	16646	599.0	5910.0
Auto da Feira	Gil Vicente	1527.0	Male	1500	16647	343.0	6294.0
Auto da Festa de São Lourenço	Pe. José de Anchieta	1584.0	Male	1500	1853	665.0	8528.0
Auto da Índia	Gil Vicente	1509.0	Male	1500	16648	290.0	3237.0
Auto de Mofina Mendes	Gil Vicente	1515.0	Male	1500	16649	313.0	4534.0
Aventuras de Diófanes	Teresa Margarida da Silva e Orta	1752.0	Female	1700	2067	1265.0	78475.0
Aves da arribação	Antônio Frederico de Castro Alves	1871.0	Male	1800	86831	59.0	723.0
Ayres e Vergueiro	Machado de Assis	1865.0	Male	1800	17376	197.0	3713.0
Balas de Estalo	Machado de Assis	1884.0	Male	1800	16926	1850.0	38802.0
Balladilhas	Coelho Neto	1898.0	Male	1800	43336	1900.0	33479.0
Banhos de Mar	Artur Azevedo	1904.0	Male	1900	7448	37.0	984.0
Barca	Artur Azevedo	1904.0	Male	1900	7449	26.0	536.0
Bela-Menina	Adolfo Coelho	1875.0	Male	1800	81601	56.0	1109.0
Bluesia	Salomão Rovedo	2007.0	Male	2000	70017	888.0	16002.0
Boa-noite	Antônio Frederico de Castro Alves	1871.0	Male	1800	86832	32.0	364.0
Bohemias	Auta de Sousa	1918.0	Female	1900	81689	13.0	193.0
Bom Crioulo	Adolfo Caminha	1895.0	Male	1800	16513	2137.0	42565.0
Bombeiro civil no Brasil	Aparecido da Cruz	2009.0	Male	2000	167305	267.0	8719.0
Bons Dias	Machado de Assis	1884.0	Male	1800	1875	1467.0	25747.0
Borboleta	Casimiro de Abreu	1855.0	Male	1800	84557	20.0	336.0
Brincar com fogo	Machado de Assis	1865.0	Male	1800	17377	261.0	3971.0
Broquéis	João da Cruz e Sousa	1893.0	Male	1800	2069	242.0	6682.0
As Religiões no Rio	João do Rio	1905.0	Male	1900	7617	3410.0	62748.0
As Vítimas-Algozes	Joaquim Manuel de Macedo	1875.0	Male	1800	2134	4050.0	111310.0
As doutoras	França Júnior	1879.0	Male	1800	16633	1536.0	20109.0
As duas ilhas	Antônio Frederico de Castro Alves	1876.0	Male	1800	86830	25.0	479.0
As fabulas de Esopo	Joseph Shafan	1780.0	Male	1700	121614	270.0	7198.0
As jóias da Coroa	Raul Pompéia	1882.0	Male	1800	17439	1890.0	32347.0
As sete dores de Nossa Senhora	Coelho Neto	1899.0	Male	1800	43241	803.0	16741.0
As viagens	Olavo Bilac	1908.0	Male	1900	7565	234.0	4285.0
As visões de Santa Thereza	Francisco Mangabeira	1875.0	Male	1800	43245	1460.0	20652.0
Brás, Bexiga e Barra Funda	Antônio de Alcântara Machado	1927.0	Male	1900	16516	1573.0	12708.0
Bálsamo	Casimiro de Abreu	1855.0	Male	1800	84559	11.0	176.0
Cabelos molhados. (Coleção literatura para todos; v. 10)	Luís Pimentel	2007.0	Male	2000	50062	760.0	13122.0
Cachoeira em crônicas: cotidiano	Jeferson Francisco Selbach	2017.0	Male	2000	26675	950.0	20041.0
Café com Cuca	Ismar Imhof	2017.0	Male	2000	183809	8065.0	120387.0
Caiu o Ministério	França Júnior	1879.0	Male	1800	2139	1508.0	14624.0
Camafeus Romanos	Eugénio de Castro	1905.0	Male	1900	43337	125.0	2710.0
Campanha Abolicionista	José Carlos do Patrocínio	1883.0	Male	1800	2122	3396.0	92188.0
Camões	Joaquim Nabuco	1880.0	Male	1800	2053	200.0	7987.0
Cancioneiro	Fernando Pessoa	1956.0	Male	1900	15728	598.0	11281.0
Cantata à morte de Inês de Castro	Manuel Maria de Barbosa du Bocage	1799.0	Male	1700	82114	34.0	1000.0
Cantiga de Esponsais	Machado de Assis	1884.0	Male	1800	1906	92.0	1858.0
Cantiga velha	Machado de Assis	1884.0	Male	1800	17890	233.0	3789.0
Canto da Solidão	Bernardo Guimarães	1865.0	Male	1800	17319	345.0	12199.0
Canto de amor	Casimiro de Abreu	1855.0	Male	1800	84561	33.0	696.0
Canção do Tamoio	Antônio Gonçalves Dias	1856.0	Male	1800	200085	19.0	365.0
Canção do boêmio	Antônio Frederico de Castro Alves	1871.0	Male	1800	86833	32.0	417.0
Canção do exílio	Casimiro de Abreu	1855.0	Male	1800	86488	21.0	351.0
Canções e Elegias	Luís Vaz de Camões	1595.0	Male	1500	16840	470.0	14548.0
Capítulo dos Chapéus	Machado de Assis	1884.0	Male	1800	1912	332.0	5833.0
Capítulos de História Colonial	João Capistrano de Abreu	1907.0	Male	1900	7522	2604.0	81966.0
Capítulos de História Colonial (1500-1800)	João Capistrano de Abreu	1907.0	Male	1900	2074	2607.0	82074.0
Caramuru	José de Santa Rita Durão	1781.0	Male	1700	16642	1625.0	54198.0
Caramuru: poema épico do descobrimento da Bahia	José de Santa Rita Durão	1781.0	Male	1700	2111	1046.0	52840.0
Caravela: redescobrimentos. (Coleção literatura para todos; v.4)	Gabriel Bicalho	2007.0	Male	2000	50036	121.0	3343.0
Carne Frita	Gustavo Villas Boas Farias	2017.0	Male	2000	16233	855.0	11420.0
Carolina	Casimiro de Abreu	1855.0	Male	1800	16589	478.0	6276.0
Carrilhões	Murilo Araújo	2017.0	Male	2000	17008	693.0	9120.0
Carta de um Defunto Rico	Afonso Henriques de Lima Barreto	1919.0	Male	1900	16814	63.0	1629.0
Cartas Chilenas	Tomáz Antônio Gonzaga	1788.0	Male	1700	17453	1301.0	33922.0
Cartas D'Amor	José Maria Eça de Queirós	1869.0	Male	1800	16620	206.0	6695.0
Cartas D'Amor - O Efêmero Feminino	José Maria Eça de Queirós	1869.0	Male	1800	1789	215.0	6776.0
Cartas Familiares e Bilhetes de Paris	José Maria Eça de Queirós	1869.0	Male	1800	14019	1957.0	61221.0
Cartas de Inglaterra	José Maria Eça de Queirós	1870.0	Male	1800	14017	1609.0	55079.0
Cartas de Olinda e Alzira	Manuel Maria de Barbosa du Bocage	1799.0	Male	1700	82115	12.0	207.0
Casa Velha	Machado de Assis	1885.0	Male	1800	1876	1602.0	26508.0
Casa de Pensão	Aluísio Azevedo	1884.0	Male	1800	16529	6472.0	112175.0
Casa velha	Machado de Assis	1885.0	Male	1800	2040	1458.0	26653.0
Casa, não casa	Machado de Assis	1884.0	Male	1800	17903	387.0	5292.0
Casada e viúva	Machado de Assis	1865.0	Male	1800	17909	374.0	5549.0
Caso da Vara	Machado de Assis	1884.0	Male	1800	1927	198.0	3027.0
Cavação	Artur Azevedo	1904.0	Male	1900	7450	60.0	1782.0
Cena íntima	Casimiro de Abreu	1855.0	Male	1800	84563	17.0	329.0
Certa Entidade em Busca de Outra	Qorpo Santo	1866.0	Male	1800	17430	222.0	2212.0
Cervantes, Dom Quixote e outras e-crônicas do nosso tempo	Salomão Rovedo	2007.0	Male	2000	70018	1029.0	28599.0
Chapada das Mulatas: postagens de um blogueiro	Jeferson Francisco Selbach	2017.0	Male	2000	88448	2231.0	51116.0
Chapéus de palha, panamás, plumas, cartolas	Sylvia Helena Telarolli de Almeida Leite	2017.0	Female	2000	17826	3084.0	101320.0
Charneca em flor	Florbela Espanca	1931.0	Female	1900	7531	367.0	6734.0
Chico	Artur Azevedo	1904.0	Male	1900	7451	82.0	1602.0
Chico Science: a rapsódia afrociberdélica	Moisés Neto	2017.0	Male	2000	104173	1933.0	50402.0
Chorando	Auta de Sousa	1918.0	Female	1900	81692	17.0	195.0
Cinco Minutos	José de Alencar	1856.0	Male	1800	1836	727.0	17142.0
Cinco Mulheres	Machado de Assis	1865.0	Male	1800	17379	467.0	6575.0
Cinco minutos	José de Alencar	1856.0	Male	1800	2019	726.0	16687.0
Ciúme	Auta de Sousa	1918.0	Female	1900	81710	13.0	204.0
Clara	Casimiro de Abreu	1855.0	Male	1800	84566	12.0	190.0
Clara dos Anjos	Afonso Henriques de Lima Barreto	1922.0	Male	1900	16815	2857.0	59977.0
Clepsidra	Camilo Pessanha	1920.0	Male	1900	1783	381.0	6145.0
Cobras em compota. (Coleção literatura para todos; v.2)	Índigo	2007.0	Male	2000	50033	1280.0	17342.0
Coisas que Só Eu Sei	Camilo Castelo Branco	1866.0	Male	1800	1780	823.0	16023.0
Comadre Morte	Adolfo Coelho	1875.0	Male	1800	81603	27.0	508.0
Comes e Bebes	Artur Azevedo	1904.0	Male	1900	7452	50.0	1347.0
Como e por que sou Romancista	José de Alencar	1873.0	Male	1800	1837	407.0	11391.0
Como o Diabo as Arma!	Artur Azevedo	1904.0	Male	1900	7453	58.0	892.0
Como se fazia um Deputado	França Júnior	1879.0	Male	1800	16635	1295.0	13938.0
Como se inventaram os almanaques	Machado de Assis	1884.0	Male	1800	17380	108.0	1745.0
Confissões de uma Viúva	Machado de Assis	1865.0	Male	1800	1883	738.0	8997.0
Confissões de uma Viúva Moça	Machado de Assis	1865.0	Male	1800	16927	694.0	8735.0
Conjugo Vobis	Artur Azevedo	1904.0	Male	1900	7454	39.0	826.0
Consolo Supremo	Auta de Sousa	1918.0	Female	1900	81721	10.0	218.0
Construção da figura religiosa no romance de cavalaria	Marcia Maria de Medeiros	2012.0	Female	2000	151167	2698.0	76399.0
Conto Alexandrino	Machado de Assis	1884.0	Male	1800	1909	161.0	3616.0
Conto de Escola	Machado de Assis	1884.0	Male	1800	16928	196.0	3470.0
Contos	José Maria Eça de Queirós	1902.0	Male	1900	2742	1429.0	26222.0
Contos Fluminenses	Machado de Assis	1870.0	Male	1800	1878	4793.0	66472.0
Contos Fora da Moda	Artur Azevedo	1904.0	Male	1900	16566	2136.0	31948.0
Contos Fora de Moda	Artur Azevedo	1904.0	Male	1900	1757	2191.0	32210.0
Contos Gauchescos	João Simões Lopes Neto	1912.0	Male	1900	1829	1877.0	39936.0
Contos avulsos	Antônio de Alcântara Machado	1926.0	Male	1900	7386	1396.0	14865.0
Contos de Lima Barreto	Afonso Henriques de Lima Barreto	1920.0	Male	1900	2140	1533.0	31032.0
Contos para Velhos	Olavo Bilac	1901.0	Male	1900	2061	440.0	7031.0
Contos, cartas, frases e poemas	Djalma de Freitas Pinheiro	2017.0	Male	2000	174701	416.0	19683.0
Contrastes e Confrontos	Euclides da Cunha	1907.0	Male	1900	1796	1395.0	49229.0
Conversa pra boi dormir: um pouco de castelo na minha lembrança	José Antônio Caliman	2017.0	Male	2000	86422	372.0	12321.0
Conversão de um avaro	Machado de Assis	1884.0	Male	1800	17382	507.0	6808.0
Coração, Cabeça e Estômago	Camilo Castelo Branco	1862.0	Male	1800	1781	2675.0	55430.0
Correspondência	Emílio de Meneses	1900.0	Male	1900	17344	27.0	1063.0
Correspondência de Machado de Assis	Machado de Assis	1860.0	Male	1800	17384	3001.0	49101.0
Coup D'Étrier	Antônio Frederico de Castro Alves	1871.0	Male	1800	86834	26.0	463.0
Crianças	Auta de Sousa	1918.0	Female	1900	81712	52.0	779.0
Crisfal	Cristóvão Falcão	1554.0	Male	1500	16612	205.0	5678.0
Crisálidas	Machado de Assis	1864.0	Male	1800	16929	771.0	18064.0
Críticas Teatrais	Machado de Assis	1860.0	Male	1800	1887	956.0	23759.0
Crônica do Viver Baiano Seiscentista - A Nossa Sé da Bahia	Gregório de Matos	1682.0	Male	1600	16657	406.0	15587.0
Crônica do Viver Baiano Seiscentista - O Burgo	Gregório de Matos	1682.0	Male	1600	16655	193.0	5462.0
Crônica do Viver Baiano Seiscentista - Os Homens Bons	Gregório de Matos	1682.0	Male	1600	16656	369.0	10979.0
Crônica do viver Baiano Seiscentista - a cidade e seus pícaros - Betica	Gregório de Matos	1682.0	Male	1600	19638	114.0	3586.0
Crônica do viver Baiano Seiscentista - a cidade e seus pícaros - alguns passos discretos e tristes	Gregório de Matos	1682.0	Male	1600	19639	245.0	7669.0
Crônica do viver baiano seiscentista - a cidade e seus pícaros - Antônia	Gregório de Matos	1682.0	Male	1600	19626	63.0	1701.0
Crônica do viver baiano seiscentista - a cidade e seus pícaros - Bárbora ou Babu	Gregório de Matos	1682.0	Male	1600	19623	129.0	3935.0
Crônica do viver baiano seiscentista - a cidade e seus pícaros - Cota	Gregório de Matos	1682.0	Male	1600	19591	48.0	1480.0
Crônica do viver baiano seiscentista - a cidade e seus pícaros - Custódia	Gregório de Matos	1682.0	Male	1600	19620	39.0	985.0
Crônica do viver baiano seiscentista - a cidade e seus pícaros - Joana	Gregório de Matos	1682.0	Male	1600	19643	27.0	775.0
Crônica do viver baiano seiscentista - a cidade e seus pícaros - Letrados	Gregório de Matos	1682.0	Male	1600	19599	149.0	5280.0
Crônica do viver baiano seiscentista - a cidade e seus pícaros - Mariana, apelidada a rola	Gregório de Matos	1682.0	Male	1600	19641	98.0	3309.0
Crônica do viver baiano seiscentista - a cidade e seus pícaros - Pança farta e pé dormente	Gregório de Matos	1682.0	Male	1600	19595	270.0	11413.0
Crônica do viver baiano seiscentista - a cidade e seus pícaros - a freira:ralo, roda e grade	Gregório de Matos	1682.0	Male	1600	19634	185.0	5672.0
Crônica do viver baiano seiscentista - a cidade e seus pícaros - andanças de uma viola de cabaça	Gregório de Matos	1682.0	Male	1600	19644	1382.0	44827.0
Crônica do viver baiano seiscentista - a cidade e seus pícaros - briga, briga	Gregório de Matos	1682.0	Male	1600	19628	92.0	3957.0
Crônica do viver baiano seiscentista - cidade e seus pícaros - Adãos de Massapê	Gregório de Matos	1682.0	Male	1600	19633	32.0	727.0
Crônica do viver baiano seiscentista - cidade e seus pícaros - Brites	Gregório de Matos	1682.0	Male	1600	19637	206.0	6615.0
Crônica do viver baiano seiscentista - cidade e seus pícaros - Maria João	Gregório de Matos	1682.0	Male	1600	19631	25.0	1098.0
Crônica do viver baiano seiscentista - cidade e seus pícaros - Teresa	Gregório de Matos	1682.0	Male	1600	19629	115.0	3321.0
Crônica do viver baiano seiscentista - cidade e seus pícaros - opúsculo de Pedro Alz. da Neyva	Gregório de Matos	1682.0	Male	1600	19635	144.0	4965.0
Crônica do viver baiano seiscentista - cidade e seus pícaros - Ângela	Gregório de Matos	1682.0	Male	1600	19587	278.0	7491.0
Crônica do viver baiano seiscentista - os homens bons - a nossa sé da Bahia	Gregório de Matos	1682.0	Male	1600	19578	466.0	16868.0
Crônica do viver baiano seiscentista - os homens bons - espada e espadilha	Gregório de Matos	1682.0	Male	1600	19580	188.0	6816.0
Crônica do viver baiano seiscentista - os homens bons - juízes do Iguaraçu	Gregório de Matos	1682.0	Male	1600	19581	140.0	4483.0
Crônica do viver baiano seiscentista - os homens bons - pessoas beneméritas	Gregório de Matos	1682.0	Male	1600	19576	515.0	15112.0
Crônica do viver baiano seiscentista - os homens bons - pessoas muito principais	Gregório de Matos	1682.0	Male	1600	19571	404.0	11358.0
Crônica do viver baiano seiscentista - os homens bons - santos unhates	Gregório de Matos	1682.0	Male	1600	19583	73.0	2444.0
Crônica do viver baiano seiscentista -os homens bons - a musa praguejadora	Gregório de Matos	1682.0	Male	1600	19584	373.0	10004.0
Crônicas	Afonso Henriques de Lima Barreto	1919.0	Male	1900	7555	1295.0	29531.0
Crônicas de Londres	José Maria Eça de Queirós	1870.0	Male	1800	14018	1901.0	53670.0
Culto Métrico	Cláudio Manuel da Costa (Glauceste Satúrnio)	1768.0	Male	1700	16550	29.0	912.0
Cultura e Opulência do Brasil por suas Drogas e Minas	Pe. André João Antonil	1711.0	Male	1700	1737	2101.0	80726.0
Curiosidades e Factos Notaveis do Ceará	J. G. Dias Sobreira	1875.0	Male	1800	5973	1203.0	25573.0
Curta história	Machado de Assis	1884.0	Male	1800	17880	64.0	1213.0
Cândido	François-Marie Arouet (Voltaire)	1759.0	Male	1700	2239	1808.0	36670.0
Céus e terras do Brasil	Visconde de Taunay	1875.0	Male	1800	43338	802.0	23263.0
D. Benedita	Machado de Assis	1884.0	Male	1800	1943	457.0	9019.0
D. Jucunda	Machado de Assis	1884.0	Male	1800	17876	239.0	4374.0
D. Mônica	Machado de Assis	1884.0	Male	1800	17387	644.0	8997.0
D. Paula	Machado de Assis	1884.0	Male	1800	16934	183.0	3817.0
D. Pedro	Alexandre Herculano	1843.0	Male	1800	7396	22.0	606.0
Da Literatura fantástica (teorias e contos)	Marcio Cícero de Sá	2017.0	Male	2000	86745	1953.0	57221.0
Da mais alta janela da minha casa	Alberto Caeiro da Silva	1914.0	Male	1900	82158	15.0	213.0
Dadá	Auta de Sousa	1918.0	Female	1900	81729	31.0	604.0
Dalila	Antônio Frederico de Castro Alves	1871.0	Male	1800	86835	36.0	574.0
De Cima para Baixo	Artur Azevedo	1904.0	Male	1900	7455	74.0	1185.0
De Jerssey a Granville	Alexandre Herculano	1843.0	Male	1800	81914	303.0	9053.0
De joelhos	Auta de Sousa	1918.0	Female	1900	81726	12.0	265.0
De joelhos	Casimiro de Abreu	1855.0	Male	1800	84567	18.0	328.0
De que morredes, filha, a do corpo velido?	Dom Dinis	1300.0	Male	1300	86554	15.0	174.0
Decadência de dois grandes homens	Machado de Assis	1884.0	Male	1800	17388	342.0	5207.0
Demônios	Aluísio Azevedo	1893.0	Male	1800	7413	562.0	10192.0
Dentro da noite	João do Rio	1906.0	Male	1900	2076	4519.0	60171.0
Denúncia Involuntária	Artur Azevedo	1904.0	Male	1900	7456	51.0	696.0
Desconexo desejo	Hilário Pio	2017.0	Male	2000	105131	11.0	146.0
Descrição da Ilha de Itaparica	Frei Manuel de Santa Maria Itaparica	1673.0	Male	1600	1987	87.0	3819.0
Desencantos	Machado de Assis	1864.0	Male	1800	17390	951.0	9326.0
Desespero	Antônio Frederico de Castro Alves	1871.0	Male	1800	86630	84.0	613.0
Deste modo ou daquele modo	Alberto Caeiro da Silva	1914.0	Male	1900	82165	14.0	335.0
Diana	Machado de Assis	1884.0	Male	1800	17392	291.0	4360.0
Dirceu de Marília	Joaquim Norberto de Souza e Silva	1844.0	Male	1800	2079	496.0	11525.0
Discurso de Posse na ABL	Emílio de Meneses	1900.0	Male	1900	17346	124.0	3306.0
Discurso sobre a História da Literatura do Brasil	Domingos Gonçalves de Magalhães	1836.0	Male	1800	2080	217.0	7525.0
Dispersão	Mário de Sá-Carneiro	1914.0	Male	1900	19245	121.0	2755.0
Diva	José de Alencar	1864.0	Male	1800	2033	2653.0	41078.0
Dizem que em cada coisa uma coisa oculta mora	Alberto Caeiro da Silva	1914.0	Male	1900	82166	20.0	290.0
Dizes-me: tu és mais alguma cousa	Alberto Caeiro da Silva	1914.0	Male	1900	82167	27.0	312.0
Dizia la fremozinha	Afonso Sanches	1250.0	Male	1200	82042	18.0	117.0
Diálogo dos ecos	Antônio Frederico de Castro Alves	1871.0	Male	1800	86631	70.0	561.0
Diálogos das Grandezas do Brasil	Izaak Walton	1599.0	Male	1500	1736	1417.0	78971.0
Diário íntimo	Afonso Henriques de Lima Barreto	1919.0	Male	1900	2078	4501.0	71700.0
Do Livro do Desassossego	Fernando Pessoa	1982.0	Male	1900	16740	394.0	7533.0
Dois proveitos em um saco	França Júnior	1879.0	Male	1800	7537	451.0	4761.0
Dom Casmurro	Machado de Assis	1899.0	Male	1800	16931	4082.0	78035.0
Don Quixote. Vol. 1	Miguel de Cervantes Saavedra	1605.0	Male	1600	17707	4981.0	212687.0
Don Quixote. Vol. 2	Miguel de Cervantes Saavedra	1605.0	Male	1600	17708	4766.0	208263.0
Dona Eulália	Artur Azevedo	1904.0	Male	1900	7457	81.0	1238.0
Dona Guidinha do Poço	Manuel de Oliveira Paiva	1885.0	Male	1800	16998	4149.0	67897.0
Dores	Casimiro de Abreu	1855.0	Male	1800	84569	33.0	665.0
Duas Apostas	Artur Azevedo	1904.0	Male	1900	7458	34.0	577.0
Duas Juízas	Machado de Assis	1865.0	Male	1800	16932	98.0	2077.0
Dívida Extinta	Machado de Assis	1884.0	Male	1800	17393	590.0	8779.0
Eficiência Militar	Afonso Henriques de Lima Barreto	1919.0	Male	1900	16816	38.0	1071.0
Elefantes e Ursos	Artur Azevedo	1904.0	Male	1900	7459	31.0	559.0
Elogio da vaidade	Machado de Assis	1884.0	Male	1800	17396	141.0	2650.0
Em Sonhos	Artur Azevedo	1904.0	Male	1900	7460	52.0	611.0
Em busca dos contos perdidos	Mariza B. T. Mendes	2017.0	Female	2000	17829	1924.0	51308.0
En grave día, senhor, que vos oí	Dom Dinis	1300.0	Male	1300	86591	12.0	183.0
Encarnação	José de Alencar	1893.0	Male	1800	2031	1790.0	34013.0
Encher tempo	Machado de Assis	1876.0	Male	1800	17398	735.0	12989.0
Encontros Reveladores	Artur Azevedo	1904.0	Male	1900	7461	35.0	838.0
Ensaio Histórico sobre as Letras no Brasil	Francisco Adolfo de Varnhagen	1857.0	Male	1800	2083	345.0	11422.0
Entre 1892 e 1894	Machado de Assis	1894.0	Male	1800	1937	34.0	1029.0
Entre Marília e a pátria	Frei Caneca	1825.0	Male	1800	82028	10.0	218.0
Entre Santos	Machado de Assis	1865.0	Male	1800	1966	166.0	3572.0
Entre a Missa e o Almoço	Artur Azevedo	1904.0	Male	1900	16567	325.0	3626.0
Entre a juntura dos ossos. (Coleção literatura para todos; v. 5)	Vera Lúcia de Oliveira	2007.0	Female	2000	50040	109.0	4404.0
Entre duas datas	Machado de Assis	1884.0	Male	1800	17886	230.0	3853.0
Entrei para o Clube Jácome	França Júnior	1879.0	Male	1800	1807	389.0	5387.0
Epaminondas	Artur Azevedo	1904.0	Male	1900	7480	91.0	1465.0
Epicédio	Cláudio Manuel da Costa (Glauceste Satúrnio)	1768.0	Male	1700	16551	148.0	2375.0
Ernesto de Tal	Machado de Assis	1865.0	Male	1800	1896	529.0	8844.0
Erótica	Rafael Rodrigues Gomes	2017.0	Male	2000	124736	54.0	1716.0
Esaú e Jacó	Machado de Assis	1904.0	Male	1900	16937	4701.0	85072.0
Esparsos e Inéditos	Emílio de Meneses	1900.0	Male	1900	17337	209.0	4130.0
Espumas Flutuantes	Antônio Frederico de Castro Alves	1870.0	Male	1800	16590	1806.0	24143.0
Este mundo da injustiça globalizada	José Saramago	2002.0	Male	2000	2913	58.0	2343.0
Estórias de Jenni	François-Marie Arouet (Voltaire)	1759.0	Male	1700	2305	951.0	22638.0
Eterno!	Machado de Assis	1884.0	Male	1800	1930	273.0	4445.0
Eu	Augusto dos Anjos	1912.0	Male	1900	2066	963.0	18844.0
Eu e Outras Poesias	Augusto dos Anjos	1912.0	Male	1900	1772	1957.0	39954.0
Eu nasci além dos mares	Casimiro de Abreu	1855.0	Male	1800	84570	15.0	218.0
Eu nunca guardei rebanhos	Alberto Caeiro da Silva	1914.0	Male	1900	82179	13.0	456.0
Eu sou a vida; eu não sou a morte	Qorpo Santo	1866.0	Male	1800	7627	274.0	3410.0
Eurico, o Presbítero	Alexandre Herculano	1844.0	Male	1800	16521	2544.0	67247.0
Evolução	Machado de Assis	1884.0	Male	1800	1959	140.0	2506.0
Ex Cathedra	Machado de Assis	1884.0	Male	1800	1918	163.0	3453.0
Fabulario	Coelho Neto	1900.0	Male	1900	43347	1959.0	38064.0
Falando ao Coração	Auta de Sousa	1918.0	Female	1900	81771	13.0	385.0
Falas de civilização, e de não dever ser	Alberto Caeiro da Silva	1914.0	Male	1900	82181	10.0	129.0
Falenas	Machado de Assis	1870.0	Male	1800	2070	1332.0	22232.0
Família composta. (Coleção literatura para todos; v. 7)	Domingos Pellegrini	2007.0	Male	2000	50049	501.0	9697.0
Farsa de Inês Pereira	Gil Vicente	1523.0	Male	1500	1819	546.0	7376.0
Farsa do Velho da Horta	Gil Vicente	1523.0	Male	1500	1820	380.0	4525.0
Farsa ou Auto de Inês Pereira	Gil Vicente	1523.0	Male	1500	16650	539.0	7330.0
Faróis	João da Cruz e Sousa	1900.0	Male	1900	16614	826.0	16582.0
Fatalidade	Artur Azevedo	1904.0	Male	1900	7462	69.0	1313.0
Fefa	Auta de Sousa	1918.0	Female	1900	81768	14.0	202.0
Feira dos anexins	Francisco Manuel de Melo	1661.0	Male	1600	43207	3260.0	52447.0
Feitos de Mem de Sá	Pe. José de Anchieta	1584.0	Male	1500	17394	1180.0	30548.0
Felicidade pelo Casamento	Machado de Assis	1865.0	Male	1800	17400	675.0	9405.0
Feliz	Auta de Sousa	1918.0	Female	1900	81769	11.0	211.0
Fernando e Fernanda	Machado de Assis	1865.0	Male	1800	17403	340.0	6499.0
Ficções do interlúdio: para além do outro oceano de Coelho Pacheco.	Fernando Pessoa	2017.0	Male	2000	24203	17.0	2553.0
Filomena Borges	Aluísio Azevedo	1884.0	Male	1800	16530	4065.0	63430.0
Filosofia de um par de botas	Machado de Assis	1884.0	Male	1800	17407	253.0	2536.0
Flor anônima	Machado de Assis	1884.0	Male	1800	17913	149.0	2042.0
Flor de Sangue	Valentim Magalhães	1875.0	Male	1800	17461	3323.0	71786.0
Flor de pitanga	William Henrique Stutz	2007.0	Male	2000	166653	320.0	5570.0
Flor do Campo	Auta de Sousa	1918.0	Female	1900	81767	28.0	568.0
Flores da Noite	Lycurgo José Henrique de Paiva	1875.0	Male	1800	16839	1366.0	27826.0
Foi Buscar Lã...	Afonso Henriques de Lima Barreto	1919.0	Male	1900	16817	111.0	2503.0
Folha negra	Casimiro de Abreu	1855.0	Male	1800	86437	11.0	256.0
Folha rota	Machado de Assis	1884.0	Male	1800	17901	258.0	3164.0
Folhas Caídas	João Batista da Silva Leitão de Almeida Garrett	1853.0	Male	1800	16524	514.0	10542.0
Fragmentos de meu tempo	Geraldo Pereira	2008.0	Male	2000	103030	1420.0	35332.0
Francisca	Machado de Assis	1865.0	Male	1800	17413	351.0	5676.0
Frei Simão	Machado de Assis	1865.0	Male	1800	16939	166.0	3047.0
Fritzmac	Artur Azevedo	1904.0	Male	1900	7417	2366.0	24454.0
Fulano	Machado de Assis	1865.0	Male	1800	1914	122.0	2783.0
Galeria Póstuma	Machado de Assis	1884.0	Male	1800	1908	215.0	3592.0
Gardenia	Salomão Rovedo	2007.0	Male	2000	70019	1848.0	40491.0
Girândola de Amores	Aluísio Azevedo	1884.0	Male	1800	16531	6642.0	110067.0
Goivos	Auta de Sousa	1918.0	Female	1900	81773	30.0	443.0
Goivos e Camélias	Machado de Assis	1865.0	Male	1800	1898	312.0	5434.0
Goyaz	Visconde de Taunay	1875.0	Male	1800	19648	639.0	20938.0
Grãos de mostarda	Humberto de Campos	1919.0	Male	1900	16661	2705.0	49243.0
Guerras do Alecrim e da Manjerona	Antônio José da Silva	1737.0	Male	1700	1750	1930.0	29109.0
Habilidoso	Machado de Assis	1884.0	Male	1800	17882	124.0	2659.0
Hanna	Rilvan Batista de Santana	2017.0	Male	2000	121956	1315.0	33608.0
Hebréia	Antônio Frederico de Castro Alves	1871.0	Male	1800	86836	21.0	286.0
Helena	Machado de Assis	1876.0	Male	1800	16940	4004.0	65168.0
Henriqueta Renan	Machado de Assis	1865.0	Male	1800	1935	252.0	6488.0
Herói à Força	Artur Azevedo	1904.0	Male	1900	16568	1745.0	16203.0
Hino ao sono	Antônio Frederico de Castro Alves	1871.0	Male	1800	86837	28.0	408.0
História Vulgar	Artur Azevedo	1904.0	Male	1900	7466	98.0	1304.0
História comum	Machado de Assis	1884.0	Male	1800	17895	88.0	1332.0
História da Conjuração Mineira	Joaquim Norberto de Souza e Silva	1844.0	Male	1800	2092	3983.0	125336.0
História da Literatura Brasileira	José Veríssimo Dias de Matos	1888.0	Male	1800	2127	4288.0	147014.0
História da Literatura Brasileira: Fatores da Literatura Brasileira	Sílvio Romero	1888.0	Male	1800	2128	3830.0	115257.0
História da Província de Santa Cruz	Pero de Magalhães Gândavo	1576.0	Male	1500	17411	558.0	25065.0
História da Província de Santa Cruz, A que Vulgarmente Chamamos Brasil	Pero de Magalhães Gândavo	1576.0	Male	1500	2001	558.0	25071.0
História da literatura portuguesa (recapitulação): Idade média	Teófilo Braga	1906.0	Male	1900	43350	4429.0	147466.0
História da literatura portuguesa: teatro clássico no século XVI e XVII	Teófilo Braga	1906.0	Male	1900	43434	3608.0	100994.0
História de Quinze Dias	Machado de Assis	1884.0	Male	1800	16941	945.0	19114.0
História de um Dominó	Artur Azevedo	1904.0	Male	1900	7463	27.0	623.0
História de um Soneto	Artur Azevedo	1904.0	Male	1900	7464	69.0	1819.0
História de um crime	Antônio Frederico de Castro Alves	1871.0	Male	1800	86632	16.0	270.0
História de uma lágrima	Machado de Assis	1865.0	Male	1800	17414	212.0	3263.0
História do Futuro, Vol. I	Pe. Antônio Vieira	1718.0	Male	1700	17328	1545.0	70983.0
História do Futuro, Vol. II	Pe. Antônio Vieira	1718.0	Male	1700	17329	1296.0	60537.0
História do compadre rico e do compadre pobre	Adolfo Coelho	1875.0	Male	1800	81609	24.0	474.0
Histórias da Meia-Noite	Machado de Assis	1873.0	Male	1800	1893	2776.0	47282.0
Histórias e Sonhos	Afonso Henriques de Lima Barreto	1919.0	Male	1900	16818	3225.0	71336.0
Histórias e Tradições da Província de Minas Gerais	Bernardo Guimarães	1872.0	Male	1800	2142	2350.0	52913.0
Histórias sem Data	Machado de Assis	1884.0	Male	1800	1902	3179.0	60300.0
Hoje Avental, amanhã Luva	Machado de Assis	1884.0	Male	1800	17415	607.0	5157.0
Hoje sou um; e amanhã outro	Qorpo Santo	1866.0	Male	1800	7628	218.0	4459.0
Horas tristes	Casimiro de Abreu	1855.0	Male	1800	86439	21.0	519.0
Hospital das letras	Francisco Manoel de Melo	1661.0	Male	1600	38019	2679.0	44924.0
Há metafísica bastante em não pensar em nada	Alberto Caeiro da Silva	1914.0	Male	1900	84426	33.0	664.0
Há poetas que são artistas	Alberto Caeiro da Silva	1914.0	Male	1900	82168	16.0	472.0
Hóspede	Pardal Mallet	1875.0	Male	1800	7626	1115.0	28663.0
Iaiá Garcia	Machado de Assis	1878.0	Male	1800	1971	3859.0	67252.0
Identidade	Machado de Assis	1884.0	Male	1800	17878	247.0	4294.0
Identidades, poderes e saberes em um programa popular da televisão brasileira: uma abordagem discursiva	Carlos Renato Lopes	2017.0	Male	2000	86544	2122.0	61977.0
Idéias do Canário	Machado de Assis	1884.0	Male	1800	16944	96.0	2031.0
Ilha. Retratos encontrados num álbum esquecido...	Salomão Rovedo	2007.0	Male	2000	70020	1341.0	27507.0
Iluminuras	Arthur Rimbaud	1874.0	Male	1800	2271	506.0	8579.0
Ilusão	Casimiro de Abreu	1855.0	Male	1800	86440	11.0	332.0
Immensis orbitus anguis	Antônio Frederico de Castro Alves	1871.0	Male	1800	86838	21.0	351.0
In Extremis	Artur Azevedo	1904.0	Male	1900	7467	70.0	1510.0
Infância	Casimiro de Abreu	1855.0	Male	1800	86441	13.0	177.0
Ingenuidade	Artur Azevedo	1904.0	Male	1900	7468	48.0	728.0
Ingleses na Costa	França Júnior	1879.0	Male	1800	16636	706.0	6610.0
Inocência	Visconde de Taunay	1875.0	Male	1800	17500	3676.0	60946.0
Inspirações da Tarde	Bernardo Guimarães	1872.0	Male	1800	17320	129.0	4089.0
Inspirações do claustro	Luís José Junqueira Freire	1820.0	Male	1800	43440	2389.0	40212.0
Inéditos e esparsos	Júlio Dinis	1875.0	Male	1800	28811	7168.0	151385.0
Iracema	José de Alencar	1865.0	Male	1800	2029	1908.0	34105.0
Jesus! Maria!	Auta de Sousa	1918.0	Female	1900	81777	17.0	141.0
Jesuítas	Antônio Frederico de Castro Alves	1871.0	Male	1800	86839	27.0	330.0
Jogo do Bicho	Machado de Assis	1884.0	Male	1800	17942	218.0	3623.0
João Fernandes	Machado de Assis	1865.0	Male	1800	17425	112.0	1845.0
João Silva	Artur Azevedo	1904.0	Male	1900	7471	91.0	2102.0
Juca-Pirama	Antônio Gonçalves Dias	1851.0	Male	1800	16652	149.0	3148.0
Juramento	Casimiro de Abreu	1855.0	Male	1800	86442	14.0	313.0
Juriti	Casimiro de Abreu	1855.0	Male	1800	86443	10.0	228.0
Laranja-da-China	Antônio de Alcântara Machado	1926.0	Male	1900	7384	2295.0	18030.0
Lendas do Sul	João Simões Lopes Neto	1912.0	Male	1900	16665	419.0	15765.0
Lendas e Narrativas (Tomo I)	Alexandre Herculano	1851.0	Male	1800	3742	2505.0	64652.0
Leonce e Lena	George Büchner	1836.0	Male	1800	16643	971.0	11395.0
Leonor de Mendonça	Antônio Gonçalves Dias	1851.0	Male	1800	16653	1585.0	26660.0
Leram-me hoje S. Francisco de Assis	Alberto Caeiro da Silva	1914.0	Male	1900	84430	10.0	153.0
Letra vencida	Machado de Assis	1884.0	Male	1800	17898	258.0	4402.0
Letras livres: disseminando cultura!	Pedro Anízio Gomes	2017.0	Male	2000	53926	87.0	3429.0
Linha Reta e Linha Curva	Machado de Assis	1884.0	Male	1800	1884	1577.0	17833.0
Lira dos Vinte Anos	Manuel Antônio Álvares de Azevedo	1853.0	Male	1800	16539	2204.0	38198.0
Literatura para todos: conversa com educadores	Ligia Cademartori	2007.0	Female	2000	50065	589.0	12850.0
Livro das donas e donzelas	Júlia Lopes de Almeida	1899.0	Female	1800	7554	1257.0	35081.0
Livro de Mágoas	Florbela Espanca	1919.0	Female	1900	1802	254.0	3977.0
Livro de Sóror Saudade	Florbela Espanca	1919.0	Female	1900	7534	253.0	4261.0
Livro do Desassossego	Fernando Pessoa	1982.0	Male	1900	24204	5036.0	115928.0
Livros das Donas e Donzelas	Júlia Lopes de Almeida	1899.0	Female	1800	16682	1181.0	34921.0
Livrovivo 2000 - 2002	Ricardo de Lima Barreto	2007.0	Male	2000	19318	818.0	18348.0
Lição de Botânica	Machado de Assis	1884.0	Male	1800	2141	759.0	7149.0
Loli	Auta de Sousa	1895.0	Female	1800	81779	17.0	278.0
Longe dos Olhos	Machado de Assis	1876.0	Male	1800	17427	370.0	5650.0
Loucura divina	Antônio Frederico de Castro Alves	1870.0	Male	1800	86633	72.0	360.0
Lucrécias	Bruno Seabra	1871.0	Male	1800	2143	357.0	4717.0
Lucíola	José de Alencar	1862.0	Male	1800	2047	3234.0	52415.0
Luxo e Vaidade	Joaquim Manuel de Macedo	1860.0	Male	1800	16669	1444.0	26055.0
Luz e Sombra	Auta de Sousa	1875.0	Female	1800	81781	10.0	263.0
Luzia-Homem	Domingos Olímpio Braga Cavalcanti	1903.0	Male	1900	16618	3576.0	73383.0
Luís Soares	Machado de Assis	1878.0	Male	1800	1880	558.0	8442.0
Lágrimas de Xerxes	Machado de Assis	1869.0	Male	1800	1933	219.0	2735.0
Léo, o pardo. (Coleção literatura para todos; v. 6)	Rinaldo Santos Teixeira	1960.0	Male	1900	50043	1135.0	26858.0
Macbeth	William Shakespeare	1623.0	Male	1600	2341	1803.0	23910.0
Macário	Manuel Antônio Álvares de Azevedo	1855.0	Male	1800	2105	1633.0	18192.0
Madalena. (Coleção literatura para todos; v.1)	Cristiane Dantas	2010.0	Female	2000	50025	1495.0	21714.0
Madresilvas	Brasílio Machado	1878.0	Male	1800	43446	602.0	12478.0
Mal por Mal...	Artur Azevedo	1886.0	Male	1800	7472	37.0	609.0
Mana Maria	Antônio de Alcântara Machado	1926.0	Male	1900	7385	2045.0	21633.0
Manel Capineiro	Afonso Henriques de Lima Barreto	1915.0	Male	1900	16819	55.0	1296.0
Mano	Coelho Neto	1893.0	Male	1800	7528	1781.0	38141.0
Manuscrito de um Sacristão	Machado de Assis	1883.0	Male	1800	1917	178.0	3295.0
Marcha Fúnebre	Machado de Assis	1863.0	Male	1800	1955	170.0	3184.0
Marginalidade, violência e testemunho nos contos de Marcelino Freire	Flávia Heloísa Unbehaum Ferraz	2008.0	Female	2000	178571	618.0	13101.0
Marginália	Afonso Henriques de Lima Barreto	1913.0	Male	1900	16820	2831.0	77420.0
Maria	Antônio Frederico de Castro Alves	1871.0	Male	1800	86635	10.0	137.0
Maria Cora	Machado de Assis	1861.0	Male	1800	1954	420.0	7862.0
Maria Dusá	Lindolfo Rocha	1907.0	Male	1900	16838	5194.0	82807.0
Maria Madalena	Rilvan Batista de Santana	2015.0	Male	2000	121409	1451.0	31779.0
Maria Rosa Mística	Pe. Antônio Vieira	1686.0	Male	1600	17332	577.0	17187.0
Maria Rosa Mística Excelências, Poderes e Maravilha do seu Rosário	Pe. Antônio Vieira	1686.0	Male	1600	16401	56.0	1420.0
Mariana	Machado de Assis	1871.0	Male	1800	1978	202.0	3681.0
Marília de Dirceu	Tomáz Antônio Gonzaga	1792.0	Male	1700	2048	1827.0	35384.0
Mater	Auta de Sousa	1880.0	Female	1800	81859	15.0	245.0
Mateus e Mateusa	Qorpo Santo	1874.0	Male	1800	2007	335.0	4802.0
Mattos, Malta ou Matta?	Aluísio Azevedo	1885.0	Male	1800	1725	1574.0	22817.0
Maîtres de plaisir [construtores de imagens]	Jeferson Francisco Selbach	1997.0	Male	1900	26677	1024.0	26245.0
Meia hora de cinismo	França Júnior	1870.0	Male	1800	1809	571.0	7998.0
Mel	Salomão Rovedo	1935.0	Male	1900	70021	308.0	6132.0
Memorial de Aires	Machado de Assis	1908.0	Male	1900	16951	3004.0	58970.0
Memorial de um Passageiro de Bonde	Amadeu Amaral	1912.0	Male	1900	16544	2358.0	49836.0
Memorial de um passageiro de bonde	Amadeu Amaral	1912.0	Male	1900	7377	2440.0	50155.0
Memórias Póstumas de Brás Cubas	Machado de Assis	1881.0	Male	1800	16953	3430.0	72503.0
Memórias da Rua do Ouvidor	Joaquim Manuel de Macedo	1877.0	Male	1800	7544	2028.0	67899.0
Memórias de um Sargento de Milícias	Manuel Antônio de Almeida	1882.0	Male	1800	16987	2408.0	68205.0
Memórias e Cotidiano do Rio de Janeiro no Tempo do Rei: trechos selecionados das cartas de Luís Joaquim dos Santos Marrocos	Luís Joaquim dos Santos Marrocos	1985.0	Male	1900	2056	386.0	16006.0
Menina e Moça	Bernardim Ribeiro	1554.0	Male	1500	16109	1128.0	38730.0
Mensagem	Fernando Pessoa	1934.0	Male	1900	15726	269.0	4746.0
Metafísica das Rosas	Machado de Assis	1888.0	Male	1800	17435	55.0	1263.0
Meus oito anos	Casimiro de Abreu	1860.0	Male	1800	86500	24.0	311.0
Micrômegas	François-Marie Arouet (Voltaire)	1752.0	Male	1700	2275	333.0	8446.0
Milagre do Natal	Afonso Henriques de Lima Barreto	1920.0	Male	1900	16821	126.0	2325.0
Miloca	Machado de Assis	1897.0	Male	1800	17907	521.0	8452.0
Mimo de Anos	Auta de Sousa	1882.0	Female	1800	81791	11.0	192.0
Minh'alma é triste	Casimiro de Abreu	1860.0	Male	1800	86445	34.0	660.0
Minha formação	Joaquim Nabuco	1900.0	Male	1900	16672	1977.0	75546.0
Minha mãe	Casimiro de Abreu	1860.0	Male	1800	86447	15.0	225.0
Minh’Alma e o Verso	Auta de Sousa	1888.0	Female	1800	81863	25.0	428.0
Miss Dollar	Machado de Assis	1891.0	Male	1800	1879	466.0	9253.0
Missa do Galo	Machado de Assis	1899.0	Male	1800	1931	193.0	3095.0
Missal	João da Cruz e Sousa	1893.0	Male	1800	16615	551.0	26387.0
Mocidade	Casimiro de Abreu	1860.0	Male	1800	86448	31.0	384.0
Mocidade e Morte	Alexandre Herculano	1871.0	Male	1800	7390	131.0	2585.0
Mocidade e morte	Antônio Frederico de Castro Alves	1857.0	Male	1800	86840	39.0	564.0
Mocidade morta	Luis Gonzaga Duque Estrada	1901.0	Male	1900	38020	4762.0	99653.0
Momento literário	João do Rio	1907.0	Male	1900	2144	3228.0	74930.0
Moreninha	Casimiro de Abreu	1860.0	Male	1800	86449	27.0	594.0
Morta que Mata	Artur Azevedo	1888.0	Male	1800	7473	44.0	742.0
Mortalhas	Emílio de Meneses	1894.0	Male	1800	17335	527.0	8072.0
Motta Coqueiro ou A pena de morte	José do Patrocínio	1876.0	Male	1800	7550	4734.0	107482.0
Mudo e quedo	Antônio Frederico de Castro Alves	1871.0	Male	1800	86636	28.0	426.0
Muitos anos depois	Machado de Assis	1899.0	Male	1800	17437	482.0	7430.0
Mulheres: história e direitos	Jeferson Francisco Selbach	2015.0	Male	2000	26678	965.0	23275.0
Munúsciulo Métrico	Cláudio Manuel da Costa (Glauceste Satúrnio)	1751.0	Male	1700	16552	40.0	1180.0
Murmúrios da tarde	Antônio Frederico de Castro Alves	1871.0	Male	1800	86841	35.0	541.0
Máximas, Pensamentos e Reflexões	Marquês de Maricá	1836.0	Male	1800	2049	4279.0	87563.0
Mãe	José de Alencar	1875.0	Male	1800	7546	2735.0	22942.0
Mãe penitente	Antônio Frederico de Castro Alves	1871.0	Male	1800	86637	13.0	217.0
Médico é Remédio	Machado de Assis	1897.0	Male	1800	16950	165.0	2441.0
Médico é remédio	Machado de Assis	1897.0	Male	1800	17429	164.0	2416.0
Na Academia Brasileira de Letras	Machado de Assis	1897.0	Male	1800	7560	151.0	3351.0
Na Arca	Machado de Assis	1896.0	Male	1800	1942	188.0	2881.0
Na Capelinha	Auta de Sousa	1886.0	Female	1800	81871	14.0	278.0
Na Exposição	Artur Azevedo	1884.0	Male	1800	7475	23.0	564.0
Na Horta	Artur Azevedo	1898.0	Male	1800	7476	79.0	1347.0
Na fonte	Antônio Frederico de Castro Alves	1871.0	Male	1800	86638	20.0	366.0
Na margem	Antônio Frederico de Castro Alves	1871.0	Male	1800	86639	30.0	273.0
Na primeira página	Auta de Sousa	1889.0	Female	1800	81864	32.0	584.0
Na rede	Casimiro de Abreu	1860.0	Male	1800	86451	11.0	250.0
Negra Rosa & Outros Poemas	José Neres	1999.0	Male	1900	188310	315.0	7339.0
Nem uma nem outra	Machado de Assis	1880.0	Male	1800	17445	470.0	6653.0
Never more	Auta de Sousa	1901.0	Female	1900	81872	11.0	237.0
No País dos Ianques	Adolfo Caminha	1894.0	Male	1800	2146	1240.0	27823.0
No Templo	Auta de Sousa	1885.0	Female	1800	81873	13.0	128.0
No barco	Antônio Frederico de Castro Alves	1871.0	Male	1800	86640	21.0	257.0
No dia brancamente nublado entristeço	Alberto Caeiro da Silva	1914.0	Male	1900	84451	23.0	426.0
No jardim	Casimiro de Abreu	1860.0	Male	1800	86453	27.0	347.0
No lar	Casimiro de Abreu	1860.0	Male	1800	86452	69.0	888.0
No leito	Casimiro de Abreu	1860.0	Male	1800	86454	35.0	716.0
No monte	Antônio Frederico de Castro Alves	1871.0	Male	1800	86641	17.0	199.0
No país dos ianques	Adolfo Caminha	1894.0	Male	1800	20929	1035.0	26150.0
No álbum do artista	Antônio Frederico de Castro Alves	1871.0	Male	1800	86842	13.0	138.0
Noite de Almirante	Machado de Assis	1884.0	Male	1800	1916	194.0	2945.0
Noite na Taverna	Manuel Antônio Álvares de Azevedo	1855.0	Male	1800	2025	2710.0	22065.0
Noivado	Casimiro de Abreu	1860.0	Male	1800	86457	19.0	238.0
Non chegou, madre, o meu amigo	Dom Dinis	1300.0	Male	1300	86553	14.0	144.0
Nos campos	Antônio Frederico de Castro Alves	1871.0	Male	1800	86642	66.0	229.0
Notas Semanais	Machado de Assis	1876.0	Male	1800	16956	706.0	19468.0
Notas do dia: commemorando	Afonso Arinos	1921.0	Male	1900	43455	1096.0	38015.0
Nova Viagem à Lua	Artur Azevedo	1884.0	Male	1800	16569	1783.0	16395.0
Novas relíquias	Machado de Assis	1893.0	Male	1800	43456	1937.0	40763.0
Novela e Conto	Amadeu Amaral	1929.0	Male	1900	7380	128.0	3135.0
Novos Cantos	Antônio Gonçalves Dias	1857.0	Male	1800	1822	213.0	5588.0
Num meio-dia de fim de primavera	Alberto Caeiro da Silva	1914.0	Male	1900	84456	60.0	1209.0
Numa e a Ninfa	Afonso Henriques de Lima Barreto	1891.0	Male	1800	16822	5531.0	97891.0
Nunca mais	Auta de Sousa	1893.0	Female	1800	81878	12.0	178.0
Não Consultes Médico	Machado de Assis	1899.0	Male	1800	2145	627.0	6570.0
Não consultes Médico	Machado de Assis	1899.0	Male	1800	17438	1055.0	6918.0
Não tenho pressa	Alberto Caeiro da Silva	1914.0	Male	1900	84441	11.0	138.0
Não tenho pressa: não a têm o sol e a lua	Alberto Caeiro da Silva	1914.0	Male	1900	84443	18.0	266.0
Não é mel para a boca do asno	Machado de Assis	1885.0	Male	1800	17443	485.0	7016.0
O 15 e o 17	Artur Azevedo	1876.0	Male	1800	7477	90.0	962.0
O Abolicionismo	Joaquim Nabuco	1883.0	Male	1800	1835	1830.0	72356.0
O Alcaide de Santarém	Alexandre Herculano	1842.0	Male	1800	7401	407.0	9481.0
O Alforge da Boa Razão	Bruno Seabra	1871.0	Male	1800	2150	49.0	897.0
O Alienista	Machado de Assis	1882.0	Male	1800	2027	840.0	19574.0
O Anel de Polícrates	Machado de Assis	1884.0	Male	1800	1945	182.0	3410.0
O Anjo Caído	João Batista da Silva Leitão de Almeida Garrett	1838.0	Male	1800	16523	18.0	329.0
O Arco de Sant'ana	João Batista da Silva Leitão de Almeida Garrett	1838.0	Male	1800	1718	3359.0	71820.0
O Asa-negra	Artur Azevedo	1888.0	Male	1800	7427	88.0	1662.0
O Ateneu	Raul Pompéia	1888.0	Male	1800	2020	3547.0	72318.0
O BAILE DO JUDEU	Inglês de Sousa	1870.0	Female	1800	7543	51.0	1931.0
O Badejo	Artur Azevedo	1886.0	Male	1800	2068	1430.0	15032.0
O Banqueiro Anarquista	Fernando Pessoa	1922.0	Male	1900	15729	620.0	13139.0
O Barão de Pituaçu	Artur Azevedo	1871.0	Male	1800	7421	2159.0	20713.0
O Bispo Negro	Alexandre Herculano	1843.0	Male	1800	16522	193.0	4050.0
O Bobo	Alexandre Herculano	1843.0	Male	1800	5030	2653.0	61598.0
O Bote de rapé	Machado de Assis	1870.0	Male	1800	17454	166.0	1770.0
O Brasil anedótico	Humberto de Campos	1912.0	Male	1900	7542	2489.0	49030.0
O Cabeleira	Franklin Távora	1876.0	Male	1800	2073	2913.0	63980.0
O Califa da Rua do Sabão	Artur Azevedo	1896.0	Male	1800	2052	890.0	6975.0
O Cancioneiro Português da Vaticana	Teófilo Braga	1904.0	Male	1900	3741	572.0	17833.0
O Castelo da Faria	Alexandre Herculano	1836.0	Male	1800	7402	78.0	2143.0
O Caçador Doméstico	Afonso Henriques de Lima Barreto	1924.0	Male	1900	16824	31.0	738.0
O Caçador de Esmeraldas	Olavo Bilac	1906.0	Male	1900	17311	125.0	2686.0
O Cemitério dos Vivos	Afonso Henriques de Lima Barreto	1923.0	Male	1900	16825	2548.0	56365.0
O Chapéu	Artur Azevedo	1886.0	Male	1800	7478	47.0	1009.0
O Conde d'Abranhos	José Maria Eça de Queirós	1866.0	Male	1800	14020	2348.0	60462.0
O Coração e o Beijo	Auta de Sousa	1888.0	Female	1800	81945	15.0	199.0
O Cortiço	Aluísio Azevedo	1890.0	Male	1800	2018	5162.0	95426.0
O Coruja	Aluísio Azevedo	1886.0	Male	1800	7406	7154.0	129439.0
O Crime do Padre Amaro	José Maria Eça de Queirós	1875.0	Male	1800	2744	9302.0	168524.0
O Cuco	Artur Azevedo	1892.0	Male	1800	7479	26.0	603.0
O Cônego ou Metafísica do Estilo	Machado de Assis	1889.0	Male	1800	16959	115.0	2267.0
O D N A de Emanuel	Rilvan Batista de Santana	2007.0	Male	2000	121411	1786.0	38999.0
O Defunto	Thomaz Lopes	1862.0	Male	1800	17450	139.0	2481.0
O Demônio Familiar	José de Alencar	1857.0	Male	1800	7547	2182.0	23008.0
O Devanear do Céptico	Bernardo Guimarães	1889.0	Male	1800	2077	213.0	1825.0
O Dicionário	Machado de Assis	1880.0	Male	1800	1928	49.0	1371.0
O Diletante	Artur Azevedo	1884.0	Male	1800	2151	1596.0	16782.0
O Diplomático	Machado de Assis	1888.0	Male	1800	1977	225.0	4200.0
O Dote	Artur Azevedo	1888.0	Male	1800	2114	1596.0	16782.0
O Duplo	Coelho Neto	1904.0	Male	1900	7526	78.0	1634.0
O Elixir da Longa Vida	Honoré de Balzac	1830.0	Male	1800	2256	441.0	9198.0
O Elixir do Pajé	Bernardo Guimarães	1878.0	Male	1800	17325	38.0	1134.0
O Elogio da Mentira e outras histórias	Lycio de Faria	1901.0	Male	1900	17670	2815.0	46187.0
O Empréstimo	Machado de Assis	1884.0	Male	1800	1946	188.0	3433.0
O Enfermeiro	Machado de Assis	1860.0	Male	1800	16962	209.0	3769.0
O Ermitão de Muquém	Bernardo Guimarães	1876.0	Male	1800	16584	1522.0	51725.0
O Ermitão do Muquém	Bernardo Guimarães	1876.0	Male	1800	2084	1575.0	51766.0
O Escravocrata	Artur Azevedo	1888.0	Male	1800	2085	1314.0	12762.0
O Espelho	Machado de Assis	1882.0	Male	1800	1948	203.0	4002.0
O Espírito	Artur Azevedo	1884.0	Male	1800	7481	77.0	1288.0
O Esqueleto	Aluísio Azevedo	1889.0	Male	1800	7409	1429.0	24048.0
O Eu profundo e os outros Eus.	Fernando Pessoa	1974.0	Male	1900	24206	1406.0	9893.0
O Falso Dom Henrique V	Afonso Henriques de Lima Barreto	1906.0	Male	1900	16826	125.0	3459.0
O Filho de Gabriela	Afonso Henriques de Lima Barreto	1910.0	Male	1900	16827	251.0	4616.0
O Galo	Artur Azevedo	1886.0	Male	1800	7483	32.0	595.0
O Galã	Artur Azevedo	1879.0	Male	1800	7482	62.0	1430.0
O Garatuja	José de Alencar	1873.0	Male	1800	1841	1557.0	37054.0
O Garimpeiro	Bernardo Guimarães	1872.0	Male	1800	1776	4035.0	51632.0
O Gaúcho	José de Alencar	1870.0	Male	1800	1842	4688.0	82647.0
O Gramático	Artur Azevedo	1878.0	Male	1800	7484	76.0	1239.0
O Guarani	José de Alencar	1857.0	Male	1800	1843	5803.0	122738.0
O Guardador de Rebanhos	Fernando Pessoa	1921.0	Male	1900	15723	353.0	8414.0
O Homem	Aluísio Azevedo	1887.0	Male	1800	7408	1056.0	21978.0
O Homem	Artur Azevedo	1887.0	Male	1800	7422	2102.0	22583.0
O Homem dos Quarenta Escudos	François-Marie Arouet (Voltaire)	1759.0	Male	1700	2290	952.0	24774.0
O Homem que Sabia Javanês	Afonso Henriques de Lima Barreto	1911.0	Male	1900	16828	213.0	3753.0
O Homem que Sabia Javanês e Outros Contos	Afonso Henriques de Lima Barreto	1952.0	Male	1900	1861	2229.0	36917.0
O Ingênuo	François-Marie Arouet (Voltaire)	1767.0	Male	1700	2280	1380.0	27213.0
O Japão	Aluísio Azevedo	1905.0	Male	1900	7416	582.0	27370.0
O Jaó	Artur Azevedo	1879.0	Male	1800	7485	90.0	1357.0
O Judas em Sábado de Aleluia	Luís Carlos Martins Pena	1865.0	Male	1800	2152	968.0	10631.0
O Juiz de Paz da Roça	Luís Carlos Martins Pena	1875.0	Male	1800	2115	675.0	6974.0
O Lapso	Machado de Assis	1887.0	Male	1800	1904	160.0	3780.0
O Lencinho	Artur Azevedo	1875.0	Male	1800	7486	12.0	453.0
O Liberato	Artur Azevedo	1870.0	Male	1800	1760	619.0	6419.0
O Livro Derradeiro	João da Cruz e Sousa	1905.0	Male	1900	16616	1820.0	42557.0
O Livro da Lei	Aleister Crowley	1904.0	Male	1900	2488	722.0	7738.0
O Livro de Cesario Verde	José Joaquim Cesário Verde	1886.0	Male	1800	40113	963.0	20627.0
O Livro de uma Sogra	Aluísio Azevedo	1885.0	Male	1800	16536	2379.0	61335.0
O Lobisomem	Raymundo Magalhães	1865.0	Male	1800	17448	123.0	2316.0
O Mambembe	Artur Azevedo	1882.0	Male	1800	2099	3497.0	32566.0
O Mandarim	José Maria Eça de Queirós	1880.0	Male	1800	16621	827.0	23549.0
O Matuto	Franklin Távora	1876.0	Male	1800	1812	4492.0	88341.0
O Mercador de Veneza	William Shakespeare	1596.0	Male	1500	2354	1863.0	27947.0
O Meu Criado João	Artur Azevedo	1879.0	Male	1800	7487	48.0	781.0
O Missionário	Inglês de Sousa	1878.0	Female	1800	16663	4265.0	117310.0
O Mistério da Estrada de Sintra	José Maria Eça de Queirós	1870.0	Male	1800	14021	4209.0	78144.0
O Monstro e Outros Contos	Humberto de Campos	1921.0	Male	1900	16662	1641.0	37697.0
O Monstro e Outros contos	Humberto de Campos	1922.0	Male	1900	7539	1659.0	37956.0
O Movimento da Independência	Manuel de Oliveira Lima	1922.0	Male	1900	7566	4405.0	167453.0
O Moço Loiro	Joaquim Manuel de Macedo	1845.0	Male	1800	2107	8895.0	139467.0
O Mulato	Aluísio Azevedo	1881.0	Male	1800	2024	7259.0	113498.0
O Mundo como Está	François-Marie Arouet (Voltaire)	1743.0	Male	1700	2276	289.0	7762.0
O Namorador ou a Noite de São João	Luís Carlos Martins Pena	1862.0	Male	1800	1992	988.0	10162.0
O Navio Negreiro	Antônio Frederico de Castro Alves	1869.0	Male	1800	16591	129.0	1651.0
O Noviço	Luís Carlos Martins Pena	1845.0	Male	1800	2044	1684.0	17192.0
O Número da Sepultura	Afonso Henriques de Lima Barreto	1913.0	Male	1900	16829	198.0	3787.0
O Oráculo	Machado de Assis	1886.0	Male	1800	17472	165.0	2397.0
O Pai	Machado de Assis	1860.0	Male	1800	17474	799.0	11196.0
O Palhaço	Artur Azevedo	1882.0	Male	1800	7488	16.0	668.0
O Parnaso Obsequioso e Obras Poéticas	Cláudio Manuel da Costa (Glauceste Satúrnio)	1768.0	Male	1700	16553	369.0	8351.0
O Parocho da aldeia	Alexandre Herculano	1843.0	Male	1800	81915	1579.0	41157.0
O Passado, passado	Machado de Assis	1900.0	Male	1900	17478	332.0	3893.0
O Paulo	Artur Azevedo	1883.0	Male	1800	7489	21.0	548.0
O País das Quimeras	Machado de Assis	1900.0	Male	1900	17476	298.0	5896.0
O Pecado	Afonso Henriques de Lima Barreto	1904.0	Male	1900	16830	36.0	656.0
O Penúltimo poema	Alberto Caeiro da Silva	1914.0	Male	1900	84615	10.0	123.0
O Poeta e a Inquisição	Visconde de Araguaia	1888.0	Male	1800	2154	1350.0	18064.0
O Primo Basílio	José Maria Eça de Queirós	1878.0	Male	1800	2745	10923.0	147269.0
O Primo da Califórnia	Joaquim Manuel de Macedo	1878.0	Male	1800	16670	1085.0	18319.0
O Protocolo	Machado de Assis	1882.0	Male	1800	17479	696.0	6580.0
O Príncipe Sapo	Adolfo Coelho	1888.0	Male	1800	81608	37.0	814.0
O Príncipe de Nassau	Paulo Setúbal	1908.0	Male	1900	17401	5560.0	64996.0
O Relógio de Ouro	Machado de Assis	1882.0	Male	1800	1900	196.0	3044.0
O Retrato	Artur Azevedo	1879.0	Male	1800	7490	22.0	445.0
O Rio de Janeiro - Verso e Reverso	José de Alencar	1862.0	Male	1800	16680	1136.0	12932.0
O Rio de Janeiro 1877	Artur Azevedo	1877.0	Male	1800	16573	2088.0	21529.0
O Rio de Janeiro em 1877	Artur Azevedo	1877.0	Male	1800	1770	2136.0	22679.0
O Romance do Prata	Paulo Setúbal	1924.0	Male	1900	7623	1536.0	31929.0
O Sacrifício	Franklin Távora	1889.0	Male	1800	16632	2987.0	53005.0
O Segredo de Augusta	Machado de Assis	1883.0	Male	1800	16964	665.0	9009.0
O Segredo do Bonzo	Machado de Assis	1894.0	Male	1800	1944	66.0	3411.0
O Seminarista	Bernardo Guimarães	1872.0	Male	1800	16585	1858.0	44135.0
O Sertanejo	José de Alencar	1875.0	Male	1800	1848	5553.0	106668.0
O Soldado	Alexandre Herculano	1843.0	Male	1800	7394	81.0	1588.0
O Sonho das Esmeraldas	Paulo Setúbal	1922.0	Male	1900	17404	1864.0	30284.0
O Sonho do Conselheiro	Artur Azevedo	1879.0	Male	1800	7492	27.0	732.0
O Subterrâneo do Morro do Castelo	Afonso Henriques de Lima Barreto	1915.0	Male	1900	1866	958.0	20794.0
O Sá	Artur Azevedo	1875.0	Male	1800	7491	33.0	1075.0
O Tejo é mais belo que o rio que corre pela minha aldeia	Alberto Caeiro da Silva	1914.0	Male	1900	84622	11.0	215.0
O Telefone	Artur Azevedo	1890.0	Male	1800	7493	91.0	1371.0
O Teles e o Tobias	Machado de Assis	1872.0	Male	1800	16965	521.0	9600.0
O Touro Branco	François-Marie Arouet (Voltaire)	1760.0	Male	1700	2282	660.0	14620.0
O Touro Negro	Aluísio Azevedo	1887.0	Male	1800	7415	29.0	910.0
O Tribofe	Artur Azevedo	1886.0	Male	1800	16574	2189.0	22154.0
O Turbilhão	Coelho Neto	1907.0	Male	1900	7525	2583.0	43069.0
O Uraguai	José Basílio da Gama	1769.0	Male	1700	2106	444.0	10795.0
O Vaqueano	Apolinário José Gomes Porto-Alegre	1849.0	Male	1800	16545	1768.0	27388.0
O Velho Senado	Machado de Assis	1882.0	Male	1800	1936	192.0	5016.0
O Velho da Horta	Gil Vicente	1520.0	Male	1500	16651	370.0	4446.0
O adeus de Teresa	Antônio Frederico de Castro Alves	1872.0	Male	1800	86844	14.0	214.0
O almada	Machado de Assis	1865.0	Male	1800	17490	724.0	20452.0
O anjo Rafael	Machado de Assis	1866.0	Male	1800	17451	880.0	14503.0
O anjo das donzelas	Machado de Assis	1864.0	Male	1800	17447	277.0	4835.0
O astrólogo	Machado de Assis	1896.0	Male	1800	17452	227.0	3836.0
O baile!	Casimiro de Abreu	1856.0	Male	1800	86458	20.0	315.0
O balanceio de Lauro Maia	Miguel Ângelo de Azevedo (Nirez)	1884.0	Male	1800	17832	738.0	25263.0
O bandolim da desgraça	Antônio Frederico de Castro Alves	1871.0	Male	1800	86644	64.0	331.0
O califa de platina	Machado de Assis	1882.0	Male	1800	17457	93.0	2435.0
O caminho da porta	Machado de Assis	1863.0	Male	1800	17459	805.0	8371.0
O caminho de Damasco	Machado de Assis	1860.0	Male	1800	17462	825.0	13302.0
O cancioneiro portuguez da Vaticana	Teófilo Braga	1910.0	Male	1900	17016	572.0	17842.0
O capitão Mendonça	Machado de Assis	1867.0	Male	1800	17463	557.0	8437.0
O carro 13	Machado de Assis	1898.0	Male	1800	17464	363.0	5465.0
O caso Barreto	Machado de Assis	1883.0	Male	1800	17469	279.0	4410.0
O caso Traps: Presságio Funesto	Rolando Júnior	2008.0	Male	2000	158990	1779.0	29179.0
O caso da Viúva	Machado de Assis	1879.0	Male	1800	17465	297.0	5254.0
O caso do Romualdo	Machado de Assis	1873.0	Male	1800	17885	366.0	7089.0
O ciúme	Manuel Maria de Barbosa du Bocage	1799.0	Male	1700	82120	26.0	765.0
O contrato	Machado de Assis	1874.0	Male	1800	17889	85.0	1482.0
O corpo feminino em debate	Maria Izilda Santos de Matos	2003.0	Female	2000	17934	2748.0	72958.0
O crepúsculo sertanejo	Antônio Frederico de Castro Alves	1862.0	Male	1800	86645	13.0	229.0
O defeito de família	França Júnior	1879.0	Male	1800	1806	553.0	7084.0
O destinado	Machado de Assis	1872.0	Male	1800	17894	86.0	1580.0
O dialeto caipira	Amadeu Amaral	1920.0	Male	1900	7381	7225.0	85905.0
O escrivão Coimbra	Machado de Assis	1883.0	Male	1800	17471	235.0	4426.0
O estilo gótico na literatura: estudo da obra drácula, o vampiro da noite de Bram Stoker	Ana Claudia Brida	2007.0	Female	2000	121961	667.0	19042.0
O fantasma e a canção	Antônio Frederico de Castro Alves	1862.0	Male	1800	86846	45.0	449.0
O gondoleiro do amor	Antônio Frederico de Castro Alves	1862.0	Male	1800	86847	10.0	235.0
O hóspede	Antônio Frederico de Castro Alves	1871.0	Male	1800	86848	35.0	535.0
O imortal	Machado de Assis	1882.0	Male	1800	17899	447.0	8920.0
O juiz	Rilvan Batista de Santana	2007.0	Male	2000	121412	2712.0	50566.0
O laço de fita	Antônio Frederico de Castro Alves	1870.0	Male	1800	86849	23.0	279.0
O livro D'ele	Florbela Espanca	1919.0	Female	1900	7532	254.0	3852.0
O livro de Jó	José Elói Otôni	1993.0	Male	1900	38086	1217.0	25683.0
O livro e a América	Antônio Frederico de Castro Alves	1861.0	Male	1800	86850	33.0	568.0
O machete	Machado de Assis	1861.0	Male	1800	17902	283.0	4417.0
O marido da adultera	Lúcio de Mendonça	1884.0	Male	1800	171390	2273.0	50266.0
O melhor remédio	Machado de Assis	1882.0	Male	1800	17888	154.0	1406.0
O nadador	Antônio Frederico de Castro Alves	1871.0	Male	1800	86646	24.0	241.0
O pastor amoroso	Fernando Pessoa	1914.0	Male	1900	19803	67.0	1203.0
O programa	Machado de Assis	1885.0	Male	1800	17897	470.0	8720.0
O quarto dos dragões	Breno Pannia Espósito	2008.0	Male	2000	86871	16012.0	212758.0
O que são as moças	Machado de Assis	1862.0	Male	1800	17480	193.0	2671.0
O que são estrelas	Auta de Sousa	1885.0	Female	1800	81946	15.0	249.0
O que é o Casamento?	José de Alencar	1856.0	Male	1800	16678	2594.0	26267.0
O quê?	Casimiro de Abreu	1857.0	Male	1800	86472	19.0	207.0
O quê? Valho mais que uma flor	Alberto Caeiro da Silva	1914.0	Male	1900	84619	16.0	242.0
O sainete	Machado de Assis	1885.0	Male	1800	17904	209.0	3348.0
O segredo	Antônio Frederico de Castro Alves	1879.0	Male	1800	86647	90.0	668.0
O seminarista	Bernardo Guimarães	1864.0	Male	1800	7519	1893.0	44676.0
O sertanejo revisitado pela ficção de Euclides da Cunha	José Jonas Camelo de França	2008.0	Male	2000	147691	1368.0	39441.0
O soldado Jacob	José Joaquim Medeiros de Albuquerque	1883.0	Male	1800	7562	76.0	1763.0
O sonhador	Salomão Rovedo	1935.0	Male	1900	70023	1296.0	27632.0
O tipo brasileiro	França Júnior	1870.0	Male	1800	1810	612.0	7018.0
O tonel das dânaides	Antônio Frederico de Castro Alves	1879.0	Male	1800	86851	19.0	216.0
O toque das almas	Wilder Machado da Cruz	2008.0	Male	2000	180895	2508.0	65849.0
O triste fim de Policarpo Quaresma	Afonso Henriques de Lima Barreto	1911.0	Male	1900	2028	4126.0	79042.0
O vôo do gênio	Antônio Frederico de Castro Alves	1871.0	Male	1800	86852	39.0	607.0
O Último Palpite	Artur Azevedo	1881.0	Male	1800	7494	20.0	364.0
O Último dia de um poeta	Machado de Assis	1860.0	Male	1800	17483	811.0	9981.0
O Único Assassinato de Cazuza	Afonso Henriques de Lima Barreto	1911.0	Male	1900	16832	108.0	2073.0
Ocidentais	Machado de Assis	1901.0	Male	1900	2097	451.0	10375.0
Octogenário	Artur Azevedo	1884.0	Male	1800	7495	31.0	603.0
Ode ao dous de julho	Antônio Frederico de Castro Alves	1874.0	Male	1800	86853	19.0	343.0
Olá, guardador de rebanhos	Alberto Caeiro da Silva	1914.0	Male	1900	84595	13.0	121.0
Onda	Machado de Assis	1860.0	Male	1800	17485	400.0	6576.0
Ondas e Outros Poemas Esparsos	Euclides da Cunha	1905.0	Male	1900	1798	320.0	8546.0
Onde estás	Antônio Frederico de Castro Alves	1862.0	Male	1800	86854	20.0	214.0
Ontem à tarde um homem das cidades	Alberto Caeiro da Silva	1914.0	Male	1900	84606	15.0	304.0
Onze anos depois	Machado de Assis	1899.0	Male	1800	17486	413.0	6263.0
Orai por ele	Machado de Assis	1860.0	Male	1800	17487	67.0	1020.0
Os Brilhantes do Brasileiro	Camilo Castelo Branco	1862.0	Male	1800	1779	3435.0	55645.0
Os Bruzundangas	Afonso Henriques de Lima Barreto	1923.0	Male	1900	1970	1976.0	48583.0
Os Ciúmes de um Pedestre ou o Terrível Capitão do Mato	Luís Carlos Martins Pena	1860.0	Male	1800	2155	958.0	11385.0
Os Compadres	Artur Azevedo	1892.0	Male	1800	7496	40.0	509.0
Os Dez por Cento	Artur Azevedo	1893.0	Male	1800	7497	108.0	1943.0
Os Dois Amores	Joaquim Manuel de Macedo	1879.0	Male	1800	2158	7323.0	122075.0
Os Dois Andares	Artur Azevedo	1897.0	Male	1800	7498	46.0	1197.0
Os Dois ou o Inglês Maquinista	Luís Carlos Martins Pena	1858.0	Male	1800	2164	1097.0	11015.0
Os Escravos	Antônio Frederico de Castro Alves	1866.0	Male	1800	16727	1184.0	17687.0
Os Estrangeiros	Francisco de Sá de Miranda	1527.0	Male	1500	4980	1805.0	16308.0
Os Filhos do Padre Anselmo	António da Costa Couto Sá de Albergaria	1854.0	Male	1800	86804	6405.0	146258.0
Os Irmãos Leme	Paulo Setúbal	1913.0	Male	1900	7620	3014.0	35235.0
Os Irmãos das Almas	Luís Carlos Martins Pena	1863.0	Male	1800	2161	897.0	8790.0
Os Lobisomens	Manuel José Araújo Porto-Alegre	1851.0	Male	1800	2162	2003.0	26744.0
Os Lusíadas	Luís Vaz de Camões	1572.0	Male	1500	16841	1819.0	65428.0
Os Maias	José Maria Eça de Queirós	1888.0	Male	1800	2683	13558.0	259906.0
Os Noivos	Artur Azevedo	1895.0	Male	1800	16575	1447.0	17433.0
Os Ouvidos do Conde de Chesterfield e o Capelão Goudman	François-Marie Arouet (Voltaire)	1760.0	Male	1700	2243	393.0	9371.0
Os Pobres	Raul Brandão	1906.0	Male	1900	4981	3893.0	54011.0
Os Sertões	Euclides da Cunha	1902.0	Male	1900	16626	7423.0	183362.0
Os Sonhos d'Ouro	José de Alencar	1902.0	Male	1900	1849	4856.0	85307.0
Os Timbiras	Antônio Gonçalves Dias	1857.0	Male	1800	1825	612.0	15633.0
Os canários	Auta de Sousa	1885.0	Female	1800	81888	17.0	265.0
Os deuses de casaca	Machado de Assis	1866.0	Male	1800	17498	727.0	7405.0
Os fidalgos da casa mourisca	Júlio Dinis	1871.0	Male	1800	28809	9839.0	167000.0
Os retirantes	José do Patrocínio	1878.0	Male	1800	7551	6185.0	126024.0
Os romances da semana	Joaquim Manuel de Macedo	1870.0	Male	1800	43487	3177.0	63710.0
Os três tempos do Édipo em Lacan e a terceira margem do rio em Rosa	Eduardo Benzatti do Carmo	2008.0	Male	2000	139932	195.0	4787.0
Os Óculos de Pedro Antão	Machado de Assis	1869.0	Male	1800	17497	507.0	6879.0
Outras Poesias	Augusto dos Anjos	1909.0	Male	1900	1773	316.0	7183.0
PAULO	Bruno Seabra	1871.0	Male	1800	7520	560.0	12980.0
Paga ou Morre!	Artur Azevedo	1891.0	Male	1800	7499	19.0	574.0
Pai Contra Mãe	Machado de Assis	1906.0	Male	1900	1951	279.0	4752.0
Palavras Tristes	Auta de Sousa	1885.0	Female	1800	81955	12.0	253.0
Palavras a alguém	Casimiro de Abreu	1856.0	Male	1800	86474	13.0	216.0
Pan-americano	Artur Azevedo	1898.0	Male	1800	7500	39.0	466.0
Panóplias	Olavo Bilac	1888.0	Male	1800	17312	251.0	4842.0
Papéis Avulsos	Machado de Assis	1882.0	Male	1800	1938	3084.0	65202.0
Papéis Velhos	Machado de Assis	1882.0	Male	1800	1934	157.0	3129.0
Para além da curva da estrada	Alberto Caeiro da Silva	1914.0	Male	1900	84626	11.0	175.0
Para não dizer, que não falei em flores	Marco Ramos	2008.0	Male	2000	117137	259.0	13861.0
Paranóia delirante	Roberto Wagner Magalhães	2008.0	Male	2000	146103	421.0	15904.0
Parecer de Concurso Literário	Emílio de Meneses	1884.0	Male	1800	17341	56.0	1645.0
Pareceres de Machado de Assis	Machado de Assis	1883.0	Male	1800	2165	244.0	5802.0
Passei toda a noite	Alberto Caeiro da Silva	1914.0	Male	1900	84630	11.0	156.0
Patkull	Antônio Gonçalves Dias	1857.0	Male	1800	2166	1407.0	22641.0
Paulino e Roberto	Artur Azevedo	1886.0	Male	1800	7501	68.0	1317.0
Pedro Gobá	José Ezequiel Freire	1870.0	Male	1800	16628	97.0	2835.0
Pegadas urbanas: Novo Hamburgo como palco do flâneur	Jeferson Francisco Selbach	2008.0	Male	2000	26680	3852.0	94720.0
Pennas de Garça	Auta de Sousa	1885.0	Female	1800	81956	42.0	605.0
Pepita	Casimiro de Abreu	1856.0	Male	1800	86476	19.0	363.0
Pequetita	Artur Azevedo	1886.0	Male	1800	7438	48.0	580.0
Perdão!	Casimiro de Abreu	1856.0	Male	1800	86477	29.0	420.0
Perfumes e amor	Casimiro de Abreu	1856.0	Male	1800	86478	10.0	198.0
Peru versus Bolívia	Euclides da Cunha	1907.0	Male	1900	2030	1527.0	46246.0
Pesquisa sem frescura	Jeferson Francisco Selbach	2008.0	Male	2000	26681	830.0	16462.0
Piedade Filial	Artur Azevedo	1885.0	Male	1800	7502	51.0	579.0
Pobre Cardeal!	Machado de Assis	1886.0	Male	1800	17491	156.0	3293.0
Pobre Finoca	Machado de Assis	1891.0	Male	1800	17494	308.0	4730.0
Pobre flor!	Auta de Sousa	1880.0	Female	1800	81953	10.0	107.0
Pobres Liberais!	Artur Azevedo	1879.0	Male	1800	7503	93.0	1633.0
Poema da Virgem	Pe. José de Anchieta	1563.0	Male	1500	17395	141.0	2442.0
Poema dos Feitos de Mem de Sá	Pe. José de Anchieta	1563.0	Male	1500	1854	1187.0	30593.0
Poemas	Alphonsus de Guimarães	1893.0	Male	1800	2361	71.0	1509.0
Poemas	Cláudio Manuel da Costa (Glauceste Satúrnio)	1768.0	Male	1700	2362	874.0	21933.0
Poemas	Luís Nicolau Fagundes Varela	1863.0	Male	1800	16629	1423.0	25910.0
Poemas Escolhidos	Cláudio Manuel da Costa (Glauceste Satúrnio)	1768.0	Male	1700	2050	818.0	19940.0
Poemas Humorísticos e Irônicos	João da Cruz e Sousa	1898.0	Male	1800	2110	189.0	6416.0
Poemas Inconjuntos	Fernando Pessoa	1930.0	Male	1900	15725	352.0	5745.0
Poemas Irônicos, Venenosos e Sarcásticos	Manuel Antônio Álvares de Azevedo	1853.0	Male	1800	16542	1137.0	17022.0
Poemas Malditos	Manuel Antônio Álvares de Azevedo	1853.0	Male	1800	16543	1422.0	21984.0
Poemas Selecionados	Florbela Espanca	1934.0	Female	1900	2786	707.0	12114.0
Poemas Traduzidos	Fernando Pessoa	1934.0	Male	1900	16114	109.0	2078.0
Poemas da Morte	Emílio de Meneses	1934.0	Male	1900	17330	124.0	3201.0
Poemas de Fagundes Varela	Luís Nicolau Fagundes Varela	1888.0	Male	1800	2167	1422.0	26005.0
Poemas de Fernando Pessoa	Fernando Pessoa	1934.0	Male	1900	16090	658.0	11127.0
Poemas de Ricardo Reis	Fernando Pessoa	1934.0	Male	1900	16549	628.0	12282.0
Poemas de Álvaro de Campos	Fernando Pessoa	1934.0	Male	1900	16598	2398.0	47572.0
Poesia Satírica e Versos de Circunstância	Emílio de Meneses	1885.0	Male	1800	17338	592.0	10115.0
Poesias	Luís Delfino dos Santos	1907.0	Male	1900	103336	455.0	12403.0
Poesias	Francisca Julia da Silva	1871.0	Female	1800	103364	197.0	4673.0
Poesias	Júlio Dinis	1871.0	Male	1800	28812	2810.0	44845.0
Poesias Colegiais	Antônio Frederico de Castro Alves	1854.0	Male	1800	16719	80.0	1639.0
Poesias Coligidas	Antônio Frederico de Castro Alves	1854.0	Male	1800	16723	49.0	805.0
Poesias Completas	Laurindo José da Silva Rabelo	1882.0	Male	1800	2045	1515.0	32254.0
Poesias Inéditas	Fernando Pessoa	1934.0	Male	1900	16113	751.0	12194.0
Poesias Manuscritas	Cláudio Manuel da Costa (Glauceste Satúrnio)	1768.0	Male	1700	16555	425.0	12120.0
Poesias dispersas	Machado de Assis	1864.0	Male	1800	17875	505.0	9699.0
Poetas devem jogar poemas no lixo	Nelson Lima	2008.0	Male	2000	103035	250.0	7263.0
Polêmicas e reflexões	Machado de Assis	1869.0	Male	1800	17873	1082.0	22275.0
Ponto de Vista	Machado de Assis	1889.0	Male	1800	1901	349.0	5037.0
Porca elegia	Salomão Rovedo	1935.0	Male	1900	70024	312.0	8160.0
Possível e Impossível	Machado de Assis	1882.0	Male	1800	17493	572.0	7677.0
Pouco a pouco o campo se alarga e se doura	Alberto Caeiro da Silva	1914.0	Male	1900	84641	11.0	256.0
Poverina	Artur Azevedo	1886.0	Male	1800	7504	59.0	1351.0
Primas de Sapucaia	Machado de Assis	1871.0	Male	1800	1910	197.0	3833.0
Primaveras	Casimiro de Abreu	1859.0	Male	1800	86482	15.0	327.0
Primeiras Trovas Burlescas	Luiz Gonzaga Pinto da Gama	1859.0	Male	1800	2113	752.0	18069.0
Primeiro Fausto	Fernando Pessoa	1934.0	Male	1900	15727	468.0	9782.0
Primeiro prenúncio de trovoada de depois de amanhã	Alberto Caeiro da Silva	1914.0	Male	1900	86510	11.0	191.0
Primeiros Cantos	Antônio Gonçalves Dias	1846.0	Male	1800	16654	1237.0	26860.0
Produções Satíricas e Bocageanas de Bernardo de Guimarães	Bernardo Guimarães	1852.0	Male	1800	2102	112.0	2859.0
Profissão de fé	Olavo Bilac	1888.0	Male	1800	7563	41.0	701.0
Prosa de Circunstância	Emílio de Meneses	1885.0	Male	1800	17340	3770.0	59511.0
Prosas Bárbaras	José Maria Eça de Queirós	1903.0	Male	1900	14022	4149.0	93933.0
Prosopopéia	Bento Teixeira	1601.0	Male	1600	16415	195.0	5928.0
Puelina	Artur Azevedo	1886.0	Male	1800	7505	52.0	604.0
Páginas Críticas e Comemorativas	Machado de Assis	1869.0	Male	1800	1962	295.0	8458.0
Páginas Recolhidas	Machado de Assis	1899.0	Male	1800	1926	2547.0	46644.0
Pílades e Orestes	Machado de Assis	1903.0	Male	1900	1960	242.0	4103.0
Qual dos dois	Machado de Assis	1872.0	Male	1800	17843	1314.0	18410.0
Quando vier a primavera	Alberto Caeiro da Silva	1914.0	Male	1900	86515	10.0	185.0
Quando?!...	Casimiro de Abreu	1856.0	Male	1800	86484	14.0	156.0
Quarta parte em Lisboa na Oficina de Miguel Deslandes, com todas as licenças e privilégio real	Pe. Antônio Vieira	1679.0	Male	1600	16410	90.0	2369.0
Quarta parte, licenças e privilégio real	Pe. Antônio Vieira	1679.0	Male	1600	16398	91.0	2361.0
"Quase Ela deu o ""sim"", mas..."	Afonso Henriques de Lima Barreto	1911.0	Male	1900	16834	93.0	1665.0
Quase ministro	Machado de Assis	1882.0	Male	1800	17844	589.0	6088.0
Quatro quartetos da amada cidade de São Luis	Salomão Rovedo	1935.0	Male	1900	70014	185.0	4356.0
Queixumes	Casimiro de Abreu	1859.0	Male	1800	86485	25.0	251.0
Quem Boa Cama Faz...	Machado de Assis	1882.0	Male	1800	16970	589.0	8364.0
Quem Casa, Quer Casa	Luís Carlos Martins Pena	1857.0	Male	1800	17006	615.0	7657.0
Quem conta em conto...	Machado de Assis	1882.0	Male	1800	17845	206.0	2650.0
Quem ele era?	Artur Azevedo	1883.0	Male	1800	7506	59.0	1020.0
Quem não quer ser lobo...	Machado de Assis	1882.0	Male	1800	17846	709.0	8866.0
Questão de vaidade	Machado de Assis	1882.0	Male	1800	17847	792.0	11130.0
Quincas Borba	Machado de Assis	1891.0	Male	1800	16972	5491.0	91804.0
Quinhentos Contos	Machado de Assis	1886.0	Male	1800	16973	679.0	8653.0
Recendência - poesias	Valdecir de Oliveira Anselmo	1909.0	Male	1900	42420	249.0	12214.0
Recordações do Escrivão Isaías Caminha	Afonso Henriques de Lima Barreto	1909.0	Male	1900	1865	3792.0	71601.0
Redondilhas	Luís Vaz de Camões	1572.0	Male	1500	1871	1053.0	22660.0
Regina Coeli	Auta de Sousa	1885.0	Female	1800	81959	10.0	282.0
Reliquiae	Florbela Espanca	1934.0	Female	1900	7533	230.0	3879.0
Relíquias da Casa Velha	Machado de Assis	1906.0	Male	1900	16974	2238.0	43160.0
Remissão de Pecados	Joaquim Manuel de Macedo	1878.0	Male	1800	2159	1838.0	24434.0
Renascimento	Auta de Sousa	1885.0	Female	1800	81960	11.0	116.0
Renato	Auta de Sousa	1885.0	Female	1800	81962	11.0	137.0
Ressureição	Machado de Assis	1872.0	Male	1800	17848	2768.0	42408.0
Retalhos	Rilvan Batista de Santana	2007.0	Male	2000	121414	2114.0	38120.0
Rimas	Auta de Sousa	1885.0	Female	1800	81965	12.0	224.0
Ritmos e idéias	Luís Murat	1920.0	Male	1900	43491	453.0	8796.0
Romance de uma Velha	Joaquim Manuel de Macedo	1862.0	Male	1800	2160	1292.0	21653.0
Romances tocantinenses: uma abordagem crítica	Flávio Alves da Silva	2008.0	Male	2000	86623	719.0	16445.0
Rosa murcha	Casimiro de Abreu	1856.0	Male	1800	86486	15.0	258.0
Rosas com espinhos (contos)	Rilvan Batista de Santana	2007.0	Male	2000	166970	1062.0	33895.0
Ruy de Leão	Machado de Assis	1882.0	Male	1800	17849	364.0	6548.0
Ruy: o escudeiro	Luís da Silva Mouzinho de Albuquerque	1879.0	Male	1800	86816	737.0	22300.0
Róseo menino	Auta de Sousa	1885.0	Female	1800	81963	10.0	160.0
Sabina	Artur Azevedo	1890.0	Male	1800	7507	149.0	2296.0
Sales	Machado de Assis	1863.0	Male	1800	17877	195.0	3260.0
Sancta Virgo Virginum: Prece	Auta de Sousa	1885.0	Female	1800	81948	14.0	158.0
Sarças de Fogo	Olavo Bilac	1875.0	Male	1800	17313	463.0	8817.0
Saudade	Auta de Sousa	1885.0	Female	1800	81967	21.0	314.0
Se depois de eu morrer	Alberto Caeiro da Silva	1914.0	Male	1900	86520	12.0	151.0
Se eu morrer novo	Alberto Caeiro da Silva	1914.0	Male	1900	86521	15.0	293.0
Segredos	Casimiro de Abreu	1856.0	Male	1800	86489	28.0	499.0
Segundos Cantos e Sextilhas de Frei Antão	Antônio Gonçalves Dias	1848.0	Male	1800	1824	407.0	10123.0
Seja o que for que esteja no centro do Mundo	Alberto Caeiro da Silva	1914.0	Male	1900	86524	24.0	566.0
Seleção de Obras Poéticas	Gregório de Matos	1685.0	Male	1600	1827	302.0	6618.0
Seleção de Obras Poéticas II	Gregório de Matos	1685.0	Male	1600	16659	169.0	4030.0
Sempre sonhos!...	Casimiro de Abreu	1856.0	Male	1800	86490	12.0	366.0
Senhor, hoj'houvesse eu vagar	Dom Dinis	1300.0	Male	1300	88508	12.0	183.0
Senhora	José de Alencar	1875.0	Male	1800	2026	4758.0	88541.0
Senhora em cordel	Isabel Lima	2008.0	Female	2000	121959	14.0	223.0
Sentimental	Salomão Rovedo	1935.0	Male	1900	17716	554.0	9833.0
Sentimental demais	Salomão Rovedo	1935.0	Male	1900	70026	555.0	9852.0
Serões da província	Júlio Dinis	1870.0	Male	1800	28815	5655.0	105370.0
Sesmaria - Cruzeiro, o Quilombo das Luzes	Tarcísio José Martins	2008.0	Male	2000	204196	9712.0	190602.0
Sete de setembro	Casimiro de Abreu	1856.0	Male	1800	86491	12.0	234.0
Silvestre	Machado de Assis	1887.0	Male	1800	17850	562.0	8879.0
Simples	Auta de Sousa	1885.0	Female	1800	81968	13.0	186.0
Sinais de vida no planeta Minas	Fernando Gabeira	2008.0	Male	2000	43550	2029.0	42916.0
Singular Ocorrência	Machado de Assis	1871.0	Male	1800	1907	194.0	3252.0
Singularidades de uma Rapariga Loura	José Maria Eça de Queirós	1874.0	Male	1800	16623	595.0	9723.0
Sobre o amor, pensando sério...	Francisco Adua Esposito	2008.0	Male	2000	197531	3884.0	122202.0
Soledade	Auta de Sousa	1885.0	Female	1800	81970	11.0	162.0
Soneto da porra burra	Manuel Maria de Barbosa du Bocage	1799.0	Male	1700	84348	12.0	177.0
Soneto do gozador coçador	Manuel Maria de Barbosa du Bocage	1799.0	Male	1700	84364	13.0	175.0
Soneto do gozo vitorioso	Manuel Maria de Barbosa du Bocage	1799.0	Male	1700	84365	11.0	162.0
Soneto do juramento	Manuel Maria de Barbosa du Bocage	1799.0	Male	1700	84366	10.0	168.0
Sonetos	Luís Vaz de Camões	1572.0	Male	1500	1872	720.0	20172.0
Sonetos Inéditos	Cláudio Manuel da Costa (Glauceste Satúrnio)	1768.0	Male	1700	16556	35.0	889.0
Sonetos e Outros Poemas	Manuel Maria de Barbosa du Bocage	1799.0	Male	1700	1777	765.0	22753.0
Sonhos de virgem	Casimiro de Abreu	1856.0	Male	1800	86493	17.0	221.0
Sonja Sonrisal	Salomão Rovedo	1935.0	Male	1900	70027	1122.0	21904.0
Sova bem Merecida	Artur Azevedo	1886.0	Male	1800	7508	29.0	813.0
Stefan Zweig: pensamentos e perfis	Salomão Rovedo	1935.0	Male	1900	65733	1026.0	24956.0
Suje-Se, Gordo!	Machado de Assis	1882.0	Male	1800	16975	114.0	1979.0
Suspiros Poéticos e Saudades	Domingos Gonçalves de Magalhães	1836.0	Male	1800	2088	2265.0	41886.0
Sylvio	Auta de Sousa	1885.0	Female	1800	81973	19.0	296.0
São Cristóvão	José Maria Eça de Queirós	1877.0	Male	1800	16237	2246.0	53270.0
Símbolos	Emílio de Meneses	1884.0	Male	1800	17327	99.0	2007.0
Só	António Nobre	1892.0	Male	1800	38090	2216.0	29466.0
Só	Machado de Assis	1860.0	Male	1800	17883	167.0	3487.0
Tarde	Olavo Bilac	1888.0	Male	1800	1999	552.0	13696.0
Tentação	Adolfo Caminha	1882.0	Male	1800	16515	2938.0	48196.0
Teoria do Medalhão	Machado de Assis	1881.0	Male	1800	1940	169.0	3629.0
Terpsícore	Machado de Assis	1863.0	Male	1800	17851	212.0	3595.0
Textos críticos	Machado de Assis	1869.0	Male	1800	17874	3285.0	90415.0
Til	José de Alencar	1872.0	Male	1800	1850	4129.0	80874.0
Tipos Burlescos	Bruno Seabra	1871.0	Male	1800	2104	140.0	2006.0
Tipos da atualidade	França Júnior	1871.0	Male	1800	7538	742.0	9759.0
To be or not to be	Machado de Assis	1882.0	Male	1800	17852	348.0	5906.0
Toc, toc, toc, toc...	Artur Azevedo	1886.0	Male	1800	7509	66.0	1363.0
Tratado da Terra do Brasil	Pero de Magalhães Gândavo	1576.0	Male	1500	17412	283.0	10574.0
Tratado da Terra do Brasil: História da Província Santa Cruz a que Vulgarmente Chamamos Brasil	Pero de Magalhães Gândavo	1576.0	Male	1500	2175	290.0	10615.0
Tratado descritivo do Brasil em 1587	Gabriel Soares de Sousa	1587.0	Male	1500	38095	3143.0	165004.0
Trina e uma	Machado de Assis	1863.0	Male	1800	17854	252.0	4333.0
Trio em Lá Menor	Machado de Assis	1863.0	Male	1800	1974	166.0	3077.0
Triunfo da Morte	Francesco Petrarca	1374.0	Male	1300	2287	92.0	2021.0
Troca de datas	Machado de Assis	1882.0	Male	1800	17893	266.0	4805.0
Tropas e boiadas	Hugo de Carvalho Ramos	1908.0	Male	1900	19650	1982.0	55477.0
Três Gênios de Secretária	Afonso Henriques de Lima Barreto	1911.0	Male	1900	16835	74.0	1941.0
Três conseqüências	Machado de Assis	1882.0	Male	1800	17892	107.0	1662.0
Três tesouros perdidos	Machado de Assis	1863.0	Male	1800	17853	62.0	821.0
Tu, só tu, puro amor	Machado de Assis	1863.0	Male	1800	17855	1054.0	8832.0
Tubarão com a faca nas costas. (Coleção literatura para todos; v.3)	Cezar Dias	2008.0	Male	2000	50034	750.0	14532.0
Ubirajara	José de Alencar	1874.0	Male	1800	16679	1231.0	26050.0
Um Apólogo	Machado de Assis	1882.0	Male	1800	16978	50.0	839.0
Um Assovio	Qorpo Santo	1866.0	Male	1800	17432	309.0	4118.0
Um Cacete	Artur Azevedo	1886.0	Male	1800	7510	87.0	904.0
Um Capitão de Voluntários	Machado de Assis	1867.0	Male	1800	1956	308.0	5472.0
Um Capricho	Artur Azevedo	1886.0	Male	1800	7511	109.0	1434.0
Um Credor da Fazenda Nacional	Qorpo Santo	1878.0	Male	1800	17434	179.0	1990.0
Um Desastre	Artur Azevedo	1890.0	Male	1800	7512	33.0	746.0
Um Don Juan de Província	Artur Azevedo	1882.0	Male	1800	7513	28.0	544.0
Um Erradio	Machado de Assis	1882.0	Male	1800	1929	488.0	7761.0
Um Especialista	Afonso Henriques de Lima Barreto	1911.0	Male	1900	16836	224.0	3708.0
Um Homem Célebre	Machado de Assis	1888.0	Male	1800	16979	218.0	4058.0
Um Que Vendeu a Sua Alma	Afonso Henriques de Lima Barreto	1913.0	Male	1900	16837	74.0	845.0
Um Sarau no Paço de São Cristóvão	Paulo Setúbal	1912.0	Male	1900	7625	1307.0	14673.0
Um almoço	Machado de Assis	1885.0	Male	1800	17856	503.0	6340.0
Um ambicioso	Machado de Assis	1882.0	Male	1800	17857	530.0	7809.0
Um ciclone na Paulicéia: Oswald de Andrade e os limites da vida intelectual em São Paulo (1900 - 1950)	Rubens de Oliveira Martins	2008.0	Male	2000	41393	2226.0	73842.0
Um cão de lata ao rabo	Machado de Assis	1882.0	Male	1800	17858	163.0	2672.0
Um dedo de prosa, um pouco de verso	William Henrique Stutz	2008.0	Male	2000	171636	259.0	4542.0
Um dia de entrudo	Machado de Assis	1863.0	Male	1800	17859	466.0	5292.0
Um dístico	Machado de Assis	1871.0	Male	1800	17879	43.0	1115.0
Um esqueleto	Machado de Assis	1889.0	Male	1800	17905	445.0	6168.0
Um estudo de relatos de pesquisa em análise de gênero	Patrícia Marcuzzo	2008.0	Female	2000	88565	1333.0	35067.0
Um homem superior	Machado de Assis	1870.0	Male	1800	17864	317.0	5361.0
Um incêndio	Machado de Assis	1875.0	Male	1800	17914	99.0	1810.0
Um melodrama em Santo Tirso	M. Pinheiro Chagas	1886.0	Male	1800	7559	426.0	7685.0
Um parto	Qorpo Santo	1886.0	Male	1800	7629	433.0	6220.0
Um quarto de século	Machado de Assis	1896.0	Male	1800	17865	429.0	6121.0
Um raio de luar	Antônio Frederico de Castro Alves	1871.0	Male	1800	86650	28.0	330.0
Um sonho	Auta de Sousa	1885.0	Female	1800	81979	13.0	280.0
Um sonho e outro sonho	Machado de Assis	1863.0	Male	1800	17866	323.0	5173.0
Uma Aposta	Artur Azevedo	1896.0	Male	1800	7514	60.0	1215.0
Uma Campanha Alegre - Volume I	José Maria Eça de Queirós	1871.0	Male	1800	14023	3979.0	70988.0
Uma Carga de Sono	Artur Azevedo	1902.0	Male	1900	7515	29.0	653.0
Uma Estação no Inferno	Arthur Rimbaud	1873.0	Male	1800	2260	689.0	8350.0
Uma Lágrima de Mulher	Aluísio Azevedo	1879.0	Male	1800	16538	1642.0	38463.0
Uma Praga Rogada nas Escadarias da Fôrca	Camilo Castelo Branco	1861.0	Male	1800	1782	384.0	7116.0
Uma Pupila Rica	Joaquim Manuel de Macedo	1863.0	Male	1800	2087	1582.0	23983.0
Uma Senhora	Machado de Assis	1887.0	Male	1800	1911	187.0	3320.0
Uma Visita de Alcebíades	Machado de Assis	1863.0	Male	1800	1952	166.0	3145.0
Uma Véspera de Reis	Artur Azevedo	1895.0	Male	1800	1771	888.0	9280.0
Uma carta	Machado de Assis	1882.0	Male	1800	17884	120.0	2109.0
Uma excursão milagrosa	Machado de Assis	1861.0	Male	1800	17908	360.0	6808.0
Uma loureira	Machado de Assis	1871.0	Male	1800	17869	395.0	5721.0
Uma noite	Machado de Assis	1885.0	Male	1800	17912	348.0	5599.0
Uma ode de anacreonte	Machado de Assis	1871.0	Male	1800	17870	437.0	4719.0
Uma partida	Machado de Assis	1871.0	Male	1800	17871	389.0	6058.0
Uma por Outra	Artur Azevedo	1890.0	Male	1800	7516	71.0	986.0
Uma por outra	Machado de Assis	1891.0	Male	1800	17943	597.0	9750.0
Uma primavera adiantada	Barbara Ganizev Jimenez	2008.0	Female	2000	162933	6939.0	98437.0
Uma tragédia no Amazonas	Raul Pompéia	1908.0	Male	1900	7631	1669.0	28548.0
Uma águia sem asas	Machado de Assis	1875.0	Male	1800	17867	363.0	5147.0
Umas Férias	Machado de Assis	1860.0	Male	1800	1958	181.0	3219.0
Uns Braços	Machado de Assis	1867.0	Male	1800	16981	177.0	3907.0
Utopia	Thomas Morus	1516.0	Male	1500	2301	1695.0	46284.0
Valério	Machado de Assis	1863.0	Male	1800	17872	519.0	9594.0
Verba Testamentária	Machado de Assis	1882.0	Male	1800	1953	189.0	4208.0
Verdades Singelas	Abade de Jazente	1871.0	Male	1800	81621	46.0	1332.0
Verso e Reverso	José de Alencar	1869.0	Male	1800	7549	1222.0	13734.0
Versos Antigos (1885-1889)	Emílio de Meneses	1889.0	Male	1800	17333	161.0	3162.0
Versos ligeiros	Auta de Sousa	1885.0	Female	1800	81989	12.0	203.0
Vesperal	Coelho Neto	1908.0	Male	1900	43475	1310.0	25905.0
Via-Láctea	Olavo Bilac	1888.0	Male	1800	2000	186.0	4120.0
Viagem ao Parnaso	Artur Azevedo	1888.0	Male	1800	16577	1904.0	21425.0
Viagem à roda de mim mesmo	Machado de Assis	1873.0	Male	1800	17881	206.0	4045.0
Viagens na Minha Terra	João Batista da Silva Leitão de Almeida Garrett	1846.0	Male	1800	16525	3835.0	81011.0
Vida Urbana	Afonso Henriques de Lima Barreto	1909.0	Male	1900	2171	4220.0	83259.0
Vidros quebrados	Machado de Assis	1861.0	Male	1800	17891	121.0	2002.0
Vila Rica	Cláudio Manuel da Costa (Glauceste Satúrnio)	1768.0	Male	1700	16557	638.0	29552.0
Violeta	Raul Pompéia	1875.0	Male	1800	7633	210.0	2863.0
Virginius	Machado de Assis	1883.0	Male	1800	17910	432.0	5769.0
Visão	Casimiro de Abreu	1859.0	Male	1800	86497	13.0	259.0
Vive	Alberto Caeiro da Silva	1914.0	Male	1900	86543	13.0	169.0
Viver	Machado de Assis	1906.0	Male	1900	16983	298.0	3022.0
Viver!	Machado de Assis	1906.0	Male	1900	1982	312.0	3116.0
Vovó Andrade	Artur Azevedo	1895.0	Male	1800	7517	82.0	1717.0
Vozes d'África	Antônio Frederico de Castro Alves	1879.0	Male	1800	16725	57.0	754.0
Várias Histórias	Machado de Assis	1896.0	Male	1800	1964	3112.0	55494.0
Vênus! divina vênus!	Machado de Assis	1875.0	Male	1800	17911	290.0	4149.0
A Bruxa e o Caldeirão	José Leon Machado	2013.0	Male	2000	4978	43.0	785.0
Amanda e os Nanorobôs	Eliú Quintiliano	2011.0	Male	2000	145570	3629.0	88811.0
Chuva e sol	Adelina Lopes Vieira	2010.0	Female	2000	81624	10.0	152.0
Conto ou não conto?	Abel Sidney	2019.0	Male	2000	105130	65.0	1042.0
Dom Quixote	Adelina Lopes Vieira	2010.0	Female	2000	81625	47.0	448.0
Eu que vi, eu que vi	Devison Amorim do Nascimento	2019.0	Male	2000	124735	466.0	6309.0
Histórias da Avózinha	Alberto Figueiredo Pimentel	1900.0	Male	1900	2147	3358.0	65690.0
Histórias que acabam aqui	Maria Teresa Lobato Fernandes Pereira Lopes	2005.0	Female	2000	36177	313.0	5975.0
O leão Praxedes	Tarcisio Lage	2019.0	Male	2000	132603	104.0	1578.0
O pacto maldito e outras histórias de morte	José Cláudio da Silva	2019.0	Male	2000	125933	2175.0	19635.0
Pai, posso dar um soco nele?	José Cláudio da Silva	2019.0	Male	2000	125934	1100.0	10016.0
O ramo verde	Adelina Lopes Vieira	2010.0	Female	2000	81629	21.0	298.0
O ratinho Rói-Rói	Lenira Almeida Heck	2006.0	Female	2000	176019	100.0	1322.0
