title	author	publication_year	author_gender	century
14 de Julho na roça	Raul Pompéia	1883.0	Male	1800.0
345	Artur Azevedo	1904.0	Male	1900.0
6 rocks matutos & 1 romance rasgado. Sambarrancho do bar Jangadeiro	Salomão Rovedo	2007.0	Male	2000.0
7 Canções	Salomão Rovedo	2007.0	Male	2000.0
A "Não-me-toques"!	Artur Azevedo	1904.0	Male	1900.0
A Abóboda	Alexandre Herculano	1836.0	Male	1800.0
A Alma Encantadora das Ruas	João do Rio	1908.0	Male	1900.0
A Alma do Lázaro	José de Alencar	1852.0	Male	1800.0
A Almanjarra	Artur Azevedo	1904.0	Male	1900.0
A Ama-Seca	Artur Azevedo	1904.0	Male	1900.0
A Arrábida	Alexandre Herculano	1839.0	Male	1800.0
A Bela Madame Vargas	João do Rio	1907.0	Male	1900.0
A Brasileira de Prazins	Camilo Castelo Branco	1882.0	Male	1800.0
A Campanha Abolicionista	José Carlos do Patrocínio	1883.0	Male	1800.0
A Capital Federal	Artur Azevedo	1903.0	Male	1900.0
A Carne	Júlio Ribeiro	1888.0	Male	1800.0
A Carta	Pero Vaz de Caminha	1500.0	Male	1500.0
A Carteira	Machado de Assis	1884.0	Male	1800.0
A Cartomante	Machado de Assis	1884.0	Male	1800.0
A Casa Fechada	Roberto Gomes Ribeiro	1959.0	Male	1900.0
A Casadinha de Fresco	Artur Azevedo	1904.0	Male	1900.0
A Casinha de Fresco	Artur Azevedo	1904.0	Male	1900.0
A Causa Secreta	Machado de Assis	1885.0	Male	1800.0
A Chinela Turca	Machado de Assis	1875.0	Male	1800.0
A Cidade e as Serras	José Maria Eça de Queirós	1901.0	Male	1900.0
A Condessa Vésper	Aluísio Azevedo	1871.0	Male	1800.0
A Confissão de Lúcio	Mário de Sá-Carneiro	1913.0	Male	1900.0
A Conquista	Coelho Neto	1899.0	Male	1800.0
A Conselho do Marido	Artur Azevedo	1904.0	Male	1900.0
A Cruz Mutilada	Alexandre Herculano	1845.0	Male	1800.0
A Dama das Camélias	Alexandre Dumas	1848.0	Male	1800.0
A Dama do pé-de-cabra	Alexandre Herculano	1874.0	Male	1800.0
A Dança dos Ossos	Bernardo Guimarães	1876.0	Male	1800.0
A Desejada das Gentes	Machado de Assis	1870.0	Male	1800.0
A Desobediência Civil	Henry David Thoreau	1849.0	Male	1800.0
A Doença do Fabrício	Artur Azevedo	1904.0	Male	1900.0
A Dívida	Artur Azevedo	1904.0	Male	1900.0
A Ela	Machado de Assis	1888.0	Male	1800.0
A Escrava Isaura	Bernardo Guimarães	1875.0	Male	1800.0
A Esfinge sem Segredo	Oscar Wilde	1893.0	Male	1800.0
A Filha Maria de Angu	Artur Azevedo	1904.0	Male	1900.0
A Filha de Maria Angu	Artur Azevedo	1904.0	Male	1900.0
A Filosofia do Mendes	Artur Azevedo	1904.0	Male	1900.0
A Harpa do Crente	Alexandre Herculano	1872.0	Male	1800.0
A Herança	Machado de Assis	1896.0	Male	1800.0
A Igreja do Diabo	Machado de Assis	1884.0	Male	1800.0
A Ilha da Maré	Manuel Botelho de Oliveira	1877.0	Male	1800.0
A Ilustre Casa de Ramires	José Maria Eça de Queirós	1900.0	Male	1900.0
A Inglezinha Barcelos	Machado de Assis	1872.0	Male	1800.0
A Intrusa	Júlia Lopes de Almeida	1887.0	Female	1800.0
A J. J. C. Macedo-Júnior	Casimiro de Abreu	1875.0	Male	1800.0
A Jóia	Artur Azevedo	1904.0	Male	1900.0
A Luneta Mágica	Joaquim Manuel de Macedo	1869.0	Male	1800.0
A Luta	Carmen Dolores	1872.0	Female	1800.0
A Luís	Antônio Frederico de Castro Alves	1878.0	Male	1800.0
A Maciel Pinheiro	Antônio Frederico de Castro Alves	1876.0	Male	1800.0
A Maldita Parentela	França Júnior	1877.0	Male	1800.0
A Marcelina	Artur Azevedo	1904.0	Male	1900.0
A Margem	José Leon Machado	1912.0	Male	1900.0
A Marquesa de Santos	Paulo Setúbal	1944.0	Male	1900.0
A Melhor Amiga	Artur Azevedo	1904.0	Male	1900.0
A Melhor Vingança	Artur Azevedo	1904.0	Male	1900.0
A Mensageira das Violetas	Florbela Espanca	1931.0	Female	1900.0
A Metamorfose	Franz Kafka	1915.0	Male	1900.0
A Moreninha	Joaquim Manuel de Macedo	1844.0	Male	1800.0
A Mortalha de Alzira	Aluísio Azevedo	1891.0	Male	1800.0
A Morte de Helena	Auta de Sousa	1918.0	Female	1900.0
A Morte do Lidador	Alexandre Herculano	1846.0	Male	1800.0
A Moça mais Bonita do Rio de Janeiro	Artur Azevedo	1904.0	Male	1900.0
A Mulher de Preto	Machado de Assis	1885.0	Male	1800.0
A Mão e a Luva	Machado de Assis	1874.0	Male	1800.0
A Normalista	Adolfo Caminha	1888.0	Male	1800.0
A Nota de Cem Mil-Réis	Artur Azevedo	1904.0	Male	1900.0
A Nova Califórnia	Afonso Henriques de Lima Barreto	1897.0	Male	1800.0
A Orgia dos Duendes	Bernardo Guimarães	1867.0	Male	1800.0
A Origem do Mênstruo	Bernardo Guimarães	1865.0	Male	1800.0
A Parasita Azul	Machado de Assis	1885.0	Male	1800.0
A Partida	Coelho Neto	1890.0	Male	1800.0
A Pata da Gazela	José de Alencar	1870.0	Male	1800.0
A Pele do Lobo	Artur Azevedo	1904.0	Male	1900.0
A Pianista	Machado de Assis	1887.0	Male	1800.0
A Poesia Interminável	João da Cruz e Sousa	1905.0	Male	1900.0
A Polêmica	Artur Azevedo	1915.0	Male	1900.0
A Princesa de Babilônia	François-Marie Arouet (Voltaire)	1768.0	Male	1700.0
A Princesa dos Cajueiros	Artur Azevedo	1907.0	Male	1900.0
A Relíquia	José Maria Eça de Queirós	1887.0	Male	1800.0
A Retirada da Laguna	Visconde de Taunay	1888.0	Male	1800.0
A Ritinha	Artur Azevedo	1886.0	Male	1800.0
A Segunda Vida	Machado de Assis	1884.0	Male	1800.0
A Semana	Machado de Assis	1901.0	Male	1900.0
A Semana Santa	Alexandre Herculano	1870.0	Male	1800.0
A Senhora do Galvão	Machado de Assis	1878.0	Male	1800.0
A Sereníssima República	Machado de Assis	1876.0	Male	1800.0
A Tempestade	Alexandre Herculano	1875.0	Male	1800.0
A Vida Eterna	Machado de Assis	1883.0	Male	1800.0
A Vitória e a Piedade	Alexandre Herculano	1871.0	Male	1800.0
A Viuvinha	José de Alencar	1860.0	Male	1800.0
A Viúva do Estanislau	Artur Azevedo	1904.0	Male	1900.0
A Voz	Alexandre Herculano	1871.0	Male	1800.0
A bico de pena: fantasias, contos e ferfis (coleção revivendo, nº 4)	Coelho Neto	1919.0	Male	1900.0
A boa vista	Antônio Frederico de Castro Alves	1876.0	Male	1800.0
A cachoeira	Antônio Frederico de Castro Alves	1876.0	Male	1800.0
A cachoeira de Paulo Afonso	Antônio Frederico de Castro Alves	1876.0	Male	1800.0
A campanha da Cordilheira: diário do exército, volume 1	Visconde de Taunay	1876.0	Male	1800.0
A canoa fantástica	Antônio Frederico de Castro Alves	1876.0	Male	1800.0
A chave	Machado de Assis	1886.0	Male	1800.0
A criação fantástica do humano e o conhecimento de mundo: contextos para o estudo da obra frankenstein de Mary Shelley	Ana Claudia Brida	2015.0	Female	2000.0
A declamação trágica	José Basílio da Gama	1769.0	Male	1700.0
A descoberta da Índia	Coelho Neto	1900.0	Male	1900.0
A divina quimera	Eduardo Guimaraens	1901.0	Male	1900.0
A epifania em Clarice Lispector	Achilles Cleto Cabral da Luz	2012.0	Male	2000.0
A esfinge sem segredo	Oscar Wilde	1893.0	Male	1800.0
A espantosa realidade das cousas	Alberto Caeiro da Silva	1914.0	Male	1900.0
A evolução feminista e o comportamento da mulher entre as décadas de 60 e 80 nas obras de Nelson Rodrigues e Ignácio de Loyola Brandão	Andressa Aparecida Evangelista	2018.0	Female	2000.0
A falência	Júlia Lopes de Almeida	1901.0	Female	1900.0
A garganta do diabo	Edio Riedi	2014.0	Male	2000.0
A guerra que aflige com seus esquadrões	Alberto Caeiro da Silva	1914.0	Male	1900.0
A história de Seny - A caminhada	Sylvia Senny	2017.0	Female	2000.0
A idéia do Ezequiel Maia	Machado de Assis	1865.0	Male	1800.0
A intertextualidade entre as obras de "Romeu e Julieta", de Shakespeare, e "Inocência" de Visconde de Taunay	Priscila Fernandes De Moraes Soraggi	2016.0	Female	2000.0
A intrusa	Júlia Lopes de Almeida	1888.0	Female	1800.0
A judia	Manuel Joaquim Pinheiro Chagas	1886.0	Male	1800.0
A lotação do bondes	França Júnior	1879.0	Male	1800.0
A medida das saudades	Geraldo Pereira	1922.0	Male	1900.0
A melhor das noivas	Machado de Assis	1895.0	Male	1800.0
A morgadinha dos canaviais: crônicas da aldeia	Júlio Dinis	1871.0	Male	1800.0
A mulher Pálida	Machado de Assis	1888.0	Male	1800.0
A mulher de Anacleto	Afonso Henriques de Lima Barreto	1903.0	Male	1900.0
A mágoa do Infeliz Cosme	Machado de Assis	1895.0	Male	1800.0
A presença da morte e do luto em exílio de Lya Luft	Rafael Rodrigues Gomes	2012.0	Male	2000.0
A reação do bom senso	Jackson de Figueiredo	1920.0	Male	1900.0
A tarde	Antônio Frederico de Castro Alves	1871.0	Male	1800.0
A teia do contar na Nhecolândia - a personagem lendária Mãozão	Áurea Rita de Ávila Lima Ferreira	2018.0	Female	2000.0
A tia Aninha	Artur Azevedo	1904.0	Male	1900.0
A uma atriz	Antônio Frederico de Castro Alves	1871.0	Male	1800.0
A uma estrangeira	Antônio Frederico de Castro Alves	1871.0	Male	1800.0
A uma taça feita de um crânio humano	Antônio Frederico de Castro Alves	1871.0	Male	1800.0
A valsa	Casimiro de Abreu	1856.0	Male	1800.0
A viúva Simões	Júlia Lopes de Almeida	1879.0	Female	1800.0
A viúva Sobral	Machado de Assis	1897.0	Male	1800.0
A volta da primavera	Antônio Frederico de Castro Alves	1870.0	Male	1800.0
A voz do rio	Casimiro de Abreu	1856.0	Male	1800.0
A última receita	Machado de Assis	1889.0	Male	1800.0
A***	Casimiro de Abreu	1868.0	Male	1800.0
Abel e Helena	Artur Azevedo	1888.0	Male	1800.0
Abgar Renault. Antologia de sonetos	Salomão Rovedo	2007.0	Male	2000.0
Abrãao e as frutas. (Coleção literatura para todos; v. 9)	Luciana V. P. de Mendonça	2007.0	Female	2000.0
Acho tão natural que não se pense	Alberto Caeiro da Silva	1914.0	Male	1900.0
Acima do dó central	Abdul Cadre	2014.0	Male	2000.0
Acordar e despertar: pequenos toques para acordar ao lado da felicidade	Priscila Lima Rovedo	2017.0	Female	2000.0
Actores e autores	Fialho de Almeida	1888.0	Male	1800.0
Adeus	Antônio Frederico de Castro Alves	1867.0	Male	1800.0
Adormecida	Antônio Frederico de Castro Alves	1871.0	Male	1800.0
Advertência	Mário de Alencar	1925.0	Male	1900.0
Adão e Eva	Machado de Assis	1905.0	Male	1900.0
Agonia do Coração	Auta de Sousa	1918.0	Female	1900.0
Ahasverus e o gênio	Antônio Frederico de Castro Alves	1871.0	Male	1800.0
Ai flores, ai flores do verde pino	Dom Dinis	1300.0	Male	1300.0
Alfarrábios: o Ermitão da Glória	José de Alencar	1875.0	Male	1800.0
Alfarrábios: o Garatuja	José de Alencar	1873.0	Male	1800.0
Alma Cabocla	Paulo Setúbal	1917.0	Male	1900.0
Alma inquieta	Olavo Bilac	1908.0	Male	1900.0
Almas Agradecidas	Machado de Assis	1863.0	Male	1800.0
Almejos da angelitude - pensamentos	Valdecir de Oliveira Anselmo	2014.0	Male	2000.0
Alves & Cia.	José Maria Eça de Queirós	1887.0	Male	1800.0
Amad'e meu amigo	Dom Dinis	1300.0	Male	1300.0
Amante	Antônio Frederico de Castro Alves	1871.0	Male	1800.0
Amaricanto	Salomão Rovedo	2007.0	Male	2000.0
Americanas	Machado de Assis	1905.0	Male	1900.0
Amigo, queredes-vos ir?	Dom Dinis	1300.0	Male	1300.0
Amor com amor se paga	França Júnior	1874.0	Male	1800.0
Amor de Perdição	Camilo Castelo Branco	1862.0	Male	1800.0
Amor de Salvação	Camilo Castelo Branco	1864.0	Male	1800.0
Amor e Pátria	Joaquim Manuel de Macedo	1875.0	Male	1800.0
Amor por Anexins	Artur Azevedo	1904.0	Male	1900.0
Anedota Pecuniária	Machado de Assis	1884.0	Male	1800.0
Anedota do Cabriolet	Machado de Assis	1884.0	Male	1800.0
Angelica e Firmino	Manuel José Araújo Porto-Alegre	1850.0	Male	1800.0
Angelina	Auta de Sousa	1918.0	Female	1900.0
Angelitude	Valdecir de Oliveira Anselmo	2014.0	Male	2000.0
Antes da Missa	Machado de Assis	1884.0	Male	1800.0
Antes da Rocha Tapéia	Machado de Assis	1884.0	Male	1800.0
Antes que Cases	Machado de Assis	1884.0	Male	1800.0
Antologia	Antero de Quental	1892.0	Male	1800.0
Antonica da Silva	Joaquim Manuel de Macedo	1875.0	Male	1800.0
Antônio Rodrigues, soldado, viajante e jesuíta português na América do Sul no século XVI	Antônio Rodrigues	1576.0	Male	1500.0
Ao Cair da Noite	Auta de Sousa	1918.0	Female	1900.0
Ao Clarão da Lua	Auta de Sousa	1918.0	Female	1900.0
Ao Correr da Pena	José de Alencar	1876.0	Male	1800.0
Ao Entardecer (contos vários)	Visconde de Taunay	1876.0	Male	1800.0
Ao Luar	Auta de Sousa	1918.0	Female	1900.0
Ao Meu Bom Anjo	Auta de Sousa	1918.0	Female	1900.0
Ao Pé de um Berço	Auta de Sousa	1918.0	Female	1900.0
Ao Senhor do Bomfim	Auta de Sousa	1918.0	Female	1900.0
Ao ator Joaquim Augusto	Antônio Frederico de Castro Alves	1871.0	Male	1800.0
Ao dous de julho	Antônio Frederico de Castro Alves	1871.0	Male	1800.0
Aos Vinte Anos	Aluísio Azevedo	1885.0	Male	1800.0
Apaixonada por Beethoven	Salomão Rovedo	2007.0	Male	2000.0
Apologos: contos para criança	Coelho Neto	1898.0	Male	1800.0
Aproximações. Ensaios sobre literatura	Sônia Régis	2007.0	Female	2000.0
Arras por Foro de Espanha (1371-1372)	Alexandre Herculano	1843.0	Male	1800.0
As Academias de Sião	Machado de Assis	1884.0	Male	1800.0
As Asas de um Anjo (Comédia)	José de Alencar	1856.0	Male	1800.0
As Asas de um Anjo (Peça)	José de Alencar	1856.0	Male	1800.0
As Asneiras do Guedes	Artur Azevedo	1904.0	Male	1900.0
As Bodas de Luís Duarte	Machado de Assis	1861.0	Male	1800.0
As Cartas de Amabed	François-Marie Arouet (Voltaire)	1769.0	Male	1700.0
As Casadas Solteiras	Luís Carlos Martins Pena	1845.0	Male	1800.0
As Cerejas	Artur Azevedo	1904.0	Male	1900.0
As Doutoras	França Júnior	1879.0	Male	1800.0
As Farpas (Fevereiro a Maio 1878)	José Maria Eça de Queirós	1878.0	Male	1800.0
As Farpas (Janeiro 1878)	Ramalho Ortigão	1878.0	Male	1800.0
As Farpas (Janeiro 1878)	José Maria Eça de Queirós	1878.0	Male	1800.0
As Farpas (Janeiro a Fevereiro 1873)	José Maria Eça de Queirós	1873.0	Male	1800.0
As Farpas (Junho 1883)	José Maria Eça de Queirós	1883.0	Male	1800.0
As Farpas (Junho a Julho 1882)	José Maria Eça de Queirós	1882.0	Male	1800.0
As Farpas (Março a Abril 1873)	José Maria Eça de Queirós	1873.0	Male	1800.0
As Farpas (Novembro a Dezembro 1882)	José Maria Eça de Queirós	1882.0	Male	1800.0
As Farpas (Outubro a Novembro 1873)	José Maria Eça de Queirós	1873.0	Male	1800.0
As Forças Caudinas	Machado de Assis	1884.0	Male	1800.0
As Maluquices do Imperador	Paulo Setúbal	1944.0	Male	1900.0
As Mulheres de Mantilha	Joaquim Manuel de Macedo	1875.0	Male	1800.0
As Paradas	Artur Azevedo	1904.0	Male	1900.0
As Primaveras	Casimiro de Abreu	1859.0	Male	1800.0
As Pupilas do Senhor Reitor	Júlio Dinis	1867.0	Male	1800.0
Assim!	Casimiro de Abreu	1855.0	Male	1800.0
Assombramento	Afonso Arinos	1898.0	Male	1800.0
Assunto para um Conto	Artur Azevedo	1904.0	Male	1900.0
Astúcias de Marido	Machado de Assis	1865.0	Male	1800.0
Astúcias de namorada	M. Pinheiro Chagas	1871.0	Male	1800.0
Atir: cartas, contos e crônicas	Rilvan Batista de Santana	2017.0	Male	2000.0
Aurora sem Dia	Machado de Assis	1873.0	Male	1800.0
Auto Representado na Festa de São Lourenço	Pe. José de Anchieta	1584.0	Male	1500.0
Auto da Alma	Gil Vicente	1518.0	Male	1500.0
Auto da Barca do Inferno	Gil Vicente	1517.0	Male	1500.0
Auto da Feira	Gil Vicente	1527.0	Male	1500.0
Auto da Festa de São Lourenço	Pe. José de Anchieta	1584.0	Male	1500.0
Auto da Índia	Gil Vicente	1509.0	Male	1500.0
Auto de Mofina Mendes	Gil Vicente	1515.0	Male	1500.0
Aventuras de Diófanes	Teresa Margarida da Silva e Orta	1752.0	Female	1700.0
Aves da arribação	Antônio Frederico de Castro Alves	1871.0	Male	1800.0
Ayres e Vergueiro	Machado de Assis	1865.0	Male	1800.0
Balas de Estalo	Machado de Assis	1884.0	Male	1800.0
Balladilhas	Coelho Neto	1898.0	Male	1800.0
Banhos de Mar	Artur Azevedo	1904.0	Male	1900.0
Barca	Artur Azevedo	1904.0	Male	1900.0
Bela-Menina	Adolfo Coelho	1875.0	Male	1800.0
Bluesia	Salomão Rovedo	2007.0	Male	2000.0
Boa-noite	Antônio Frederico de Castro Alves	1871.0	Male	1800.0
Bohemias	Auta de Sousa	1918.0	Female	1900.0
Bom Crioulo	Adolfo Caminha	1895.0	Male	1800.0
Bombeiro civil no Brasil	Aparecido da Cruz	2009.0	Male	2000.0
Bons Dias	Machado de Assis	1884.0	Male	1800.0
Borboleta	Casimiro de Abreu	1855.0	Male	1800.0
Brincar com fogo	Machado de Assis	1865.0	Male	1800.0
Broquéis	João da Cruz e Sousa	1893.0	Male	1800.0
As Religiões no Rio	João do Rio	1905.0	Male	1900.0
As Vítimas-Algozes	Joaquim Manuel de Macedo	1875.0	Male	1800.0
As doutoras	França Júnior	1879.0	Male	1800.0
As duas ilhas	Antônio Frederico de Castro Alves	1876.0	Male	1800.0
As fabulas de Esopo	Joseph Shafan	1780.0	Male	1700.0
As jóias da Coroa	Raul Pompéia	1882.0	Male	1800.0
As sete dores de Nossa Senhora	Coelho Neto	1899.0	Male	1800.0
As viagens	Olavo Bilac	1908.0	Male	1900.0
As visões de Santa Thereza	Francisco Mangabeira	1875.0	Male	1800.0
Brás, Bexiga e Barra Funda	Antônio de Alcântara Machado	1927.0	Male	1900.0
Bálsamo	Casimiro de Abreu	1855.0	Male	1800.0
Cabelos molhados. (Coleção literatura para todos; v. 10)	Luís Pimentel	2007.0	Male	2000.0
Cachoeira em crônicas: cotidiano	Jeferson Francisco Selbach	2017.0	Male	2000.0
Café com Cuca	Ismar Imhof	2017.0	Male	2000.0
Caiu o Ministério	França Júnior	1879.0	Male	1800.0
Camafeus Romanos	Eugénio de Castro	1905.0	Male	1900.0
Campanha Abolicionista	José Carlos do Patrocínio	1883.0	Male	1800.0
Camões	Joaquim Nabuco	1880.0	Male	1800.0
Cancioneiro	Fernando Pessoa	1956.0	Male	1900.0
Cantata à morte de Inês de Castro	Manuel Maria de Barbosa du Bocage	1799.0	Male	1700.0
Cantiga de Esponsais	Machado de Assis	1884.0	Male	1800.0
Cantiga velha	Machado de Assis	1884.0	Male	1800.0
Canto da Solidão	Bernardo Guimarães	1865.0	Male	1800.0
Canto de amor	Casimiro de Abreu	1855.0	Male	1800.0
Canção do Tamoio	Antônio Gonçalves Dias	1856.0	Male	1800.0
Canção do boêmio	Antônio Frederico de Castro Alves	1871.0	Male	1800.0
Canção do exílio	Casimiro de Abreu	1855.0	Male	1800.0
Canções e Elegias	Luís Vaz de Camões	1595.0	Male	1500.0
Capítulo dos Chapéus	Machado de Assis	1884.0	Male	1800.0
Capítulos de História Colonial	João Capistrano de Abreu	1907.0	Male	1900.0
Capítulos de História Colonial (1500-1800)	João Capistrano de Abreu	1907.0	Male	1900.0
Caramuru	José de Santa Rita Durão	1781.0	Male	1700.0
Caramuru: poema épico do descobrimento da Bahia	José de Santa Rita Durão	1781.0	Male	1700.0
Caravela: redescobrimentos. (Coleção literatura para todos; v.4)	Gabriel Bicalho	2007.0	Male	2000.0
Carne Frita	Gustavo Villas Boas Farias	2017.0	Male	2000.0
Carolina	Casimiro de Abreu	1855.0	Male	1800.0
Carrilhões	Murilo Araújo	2017.0	Male	2000.0
Carta de um Defunto Rico	Afonso Henriques de Lima Barreto	1919.0	Male	1900.0
Cartas Chilenas	Tomáz Antônio Gonzaga	1788.0	Male	1700.0
Cartas D'Amor	José Maria Eça de Queirós	1869.0	Male	1800.0
Cartas D'Amor - O Efêmero Feminino	José Maria Eça de Queirós	1869.0	Male	1800.0
Cartas Familiares e Bilhetes de Paris	José Maria Eça de Queirós	1869.0	Male	1800.0
Cartas de Inglaterra	José Maria Eça de Queirós	1870.0	Male	1800.0
Cartas de Olinda e Alzira	Manuel Maria de Barbosa du Bocage	1799.0	Male	1700.0
Casa Velha	Machado de Assis	1885.0	Male	1800.0
Casa de Pensão	Aluísio Azevedo	1884.0	Male	1800.0
Casa velha	Machado de Assis	1885.0	Male	1800.0
Casa, não casa	Machado de Assis	1884.0	Male	1800.0
Casada e viúva	Machado de Assis	1865.0	Male	1800.0
Caso da Vara	Machado de Assis	1884.0	Male	1800.0
Cavação	Artur Azevedo	1904.0	Male	1900.0
Cena íntima	Casimiro de Abreu	1855.0	Male	1800.0
Certa Entidade em Busca de Outra	Qorpo Santo	1866.0	Male	1800.0
Cervantes, Dom Quixote e outras e-crônicas do nosso tempo	Salomão Rovedo	2007.0	Male	2000.0
Chapada das Mulatas: postagens de um blogueiro	Jeferson Francisco Selbach	2017.0	Male	2000.0
Chapéus de palha, panamás, plumas, cartolas	Sylvia Helena Telarolli de Almeida Leite	2017.0	Female	2000.0
Charneca em flor	Florbela Espanca	1931.0	Female	1900.0
Chico	Artur Azevedo	1904.0	Male	1900.0
Chico Science: a rapsódia afrociberdélica	Moisés Neto	2017.0	Male	2000.0
Chorando	Auta de Sousa	1918.0	Female	1900.0
Cinco Minutos	José de Alencar	1856.0	Male	1800.0
Cinco Mulheres	Machado de Assis	1865.0	Male	1800.0
Cinco minutos	José de Alencar	1856.0	Male	1800.0
Ciúme	Auta de Sousa	1918.0	Female	1900.0
Clara	Casimiro de Abreu	1855.0	Male	1800.0
Clara dos Anjos	Afonso Henriques de Lima Barreto	1922.0	Male	1900.0
Clepsidra	Camilo Pessanha	1920.0	Male	1900.0
Cobras em compota. (Coleção literatura para todos; v.2)	Índigo	2007.0	Male	2000.0
Coisas que Só Eu Sei	Camilo Castelo Branco	1866.0	Male	1800.0
Comadre Morte	Adolfo Coelho	1875.0	Male	1800.0
Comes e Bebes	Artur Azevedo	1904.0	Male	1900.0
Como e por que sou Romancista	José de Alencar	1873.0	Male	1800.0
Como o Diabo as Arma!	Artur Azevedo	1904.0	Male	1900.0
Como se fazia um Deputado	França Júnior	1879.0	Male	1800.0
Como se inventaram os almanaques	Machado de Assis	1884.0	Male	1800.0
Confissões de uma Viúva	Machado de Assis	1865.0	Male	1800.0
Confissões de uma Viúva Moça	Machado de Assis	1865.0	Male	1800.0
Conjugo Vobis	Artur Azevedo	1904.0	Male	1900.0
Consolo Supremo	Auta de Sousa	1918.0	Female	1900.0
Construção da figura religiosa no romance de cavalaria	Marcia Maria de Medeiros	2012.0	Female	2000.0
Conto Alexandrino	Machado de Assis	1884.0	Male	1800.0
Conto de Escola	Machado de Assis	1884.0	Male	1800.0
Contos	José Maria Eça de Queirós	1902.0	Male	1900.0
Contos Fluminenses	Machado de Assis	1870.0	Male	1800.0
Contos Fora da Moda	Artur Azevedo	1904.0	Male	1900.0
Contos Fora de Moda	Artur Azevedo	1904.0	Male	1900.0
Contos Gauchescos	João Simões Lopes Neto	1912.0	Male	1900.0
Contos avulsos	Antônio de Alcântara Machado	1926.0	Male	1900.0
Contos de Lima Barreto	Afonso Henriques de Lima Barreto	1920.0	Male	1900.0
Contos para Velhos	Olavo Bilac	1901.0	Male	1900.0
Contos, cartas, frases e poemas	Djalma de Freitas Pinheiro	2017.0	Male	2000.0
Contrastes e Confrontos	Euclides da Cunha	1907.0	Male	1900.0
Conversa pra boi dormir: um pouco de castelo na minha lembrança	José Antônio Caliman	2017.0	Male	2000.0
Conversão de um avaro	Machado de Assis	1884.0	Male	1800.0
Coração, Cabeça e Estômago	Camilo Castelo Branco	1862.0	Male	1800.0
Correspondência	Emílio de Meneses	1900.0	Male	1900.0
Correspondência de Machado de Assis	Machado de Assis	1860.0	Male	1800.0
Coup D'Étrier	Antônio Frederico de Castro Alves	1871.0	Male	1800.0
Crianças	Auta de Sousa	1918.0	Female	1900.0
Crisfal	Cristóvão Falcão	1554.0	Male	1500.0
Crisálidas	Machado de Assis	1864.0	Male	1800.0
Críticas Teatrais	Machado de Assis	1860.0	Male	1800.0
Crônica do Viver Baiano Seiscentista - A Nossa Sé da Bahia	Gregório de Matos	1682.0	Male	1600.0
Crônica do Viver Baiano Seiscentista - O Burgo	Gregório de Matos	1682.0	Male	1600.0
Crônica do Viver Baiano Seiscentista - Os Homens Bons	Gregório de Matos	1682.0	Male	1600.0
Crônica do viver Baiano Seiscentista - a cidade e seus pícaros - Betica	Gregório de Matos	1682.0	Male	1600.0
Crônica do viver Baiano Seiscentista - a cidade e seus pícaros - alguns passos discretos e tristes	Gregório de Matos	1682.0	Male	1600.0
Crônica do viver baiano seiscentista - a cidade e seus pícaros - Antônia	Gregório de Matos	1682.0	Male	1600.0
Crônica do viver baiano seiscentista - a cidade e seus pícaros - Bárbora ou Babu	Gregório de Matos	1682.0	Male	1600.0
Crônica do viver baiano seiscentista - a cidade e seus pícaros - Cota	Gregório de Matos	1682.0	Male	1600.0
Crônica do viver baiano seiscentista - a cidade e seus pícaros - Custódia	Gregório de Matos	1682.0	Male	1600.0
Crônica do viver baiano seiscentista - a cidade e seus pícaros - Joana	Gregório de Matos	1682.0	Male	1600.0
Crônica do viver baiano seiscentista - a cidade e seus pícaros - Letrados	Gregório de Matos	1682.0	Male	1600.0
Crônica do viver baiano seiscentista - a cidade e seus pícaros - Mariana, apelidada a rola	Gregório de Matos	1682.0	Male	1600.0
Crônica do viver baiano seiscentista - a cidade e seus pícaros - Pança farta e pé dormente	Gregório de Matos	1682.0	Male	1600.0
Crônica do viver baiano seiscentista - a cidade e seus pícaros - a freira:ralo, roda e grade	Gregório de Matos	1682.0	Male	1600.0
Crônica do viver baiano seiscentista - a cidade e seus pícaros - andanças de uma viola de cabaça	Gregório de Matos	1682.0	Male	1600.0
Crônica do viver baiano seiscentista - a cidade e seus pícaros - briga, briga	Gregório de Matos	1682.0	Male	1600.0
Crônica do viver baiano seiscentista - cidade e seus pícaros - Adãos de Massapê	Gregório de Matos	1682.0	Male	1600.0
Crônica do viver baiano seiscentista - cidade e seus pícaros - Brites	Gregório de Matos	1682.0	Male	1600.0
Crônica do viver baiano seiscentista - cidade e seus pícaros - Maria João	Gregório de Matos	1682.0	Male	1600.0
Crônica do viver baiano seiscentista - cidade e seus pícaros - Teresa	Gregório de Matos	1682.0	Male	1600.0
Crônica do viver baiano seiscentista - cidade e seus pícaros - opúsculo de Pedro Alz. da Neyva	Gregório de Matos	1682.0	Male	1600.0
Crônica do viver baiano seiscentista - cidade e seus pícaros - Ângela	Gregório de Matos	1682.0	Male	1600.0
Crônica do viver baiano seiscentista - os homens bons - a nossa sé da Bahia	Gregório de Matos	1682.0	Male	1600.0
Crônica do viver baiano seiscentista - os homens bons - espada e espadilha	Gregório de Matos	1682.0	Male	1600.0
Crônica do viver baiano seiscentista - os homens bons - juízes do Iguaraçu	Gregório de Matos	1682.0	Male	1600.0
Crônica do viver baiano seiscentista - os homens bons - pessoas beneméritas	Gregório de Matos	1682.0	Male	1600.0
Crônica do viver baiano seiscentista - os homens bons - pessoas muito principais	Gregório de Matos	1682.0	Male	1600.0
Crônica do viver baiano seiscentista - os homens bons - santos unhates	Gregório de Matos	1682.0	Male	1600.0
Crônica do viver baiano seiscentista -os homens bons - a musa praguejadora	Gregório de Matos	1682.0	Male	1600.0
Crônicas	Afonso Henriques de Lima Barreto	1919.0	Male	1900.0
Crônicas de Londres	José Maria Eça de Queirós	1870.0	Male	1800.0
Culto Métrico	Cláudio Manuel da Costa (Glauceste Satúrnio)	1768.0	Male	1700.0
Cultura e Opulência do Brasil por suas Drogas e Minas	Pe. André João Antonil	1711.0	Male	1700.0
Curiosidades e Factos Notaveis do Ceará	J. G. Dias Sobreira	1875.0	Male	1800.0
Curta história	Machado de Assis	1884.0	Male	1800.0
Cândido	François-Marie Arouet (Voltaire)	1759.0	Male	1700.0
Céus e terras do Brasil	Visconde de Taunay	1875.0	Male	1800.0
D. Benedita	Machado de Assis	1884.0	Male	1800.0
D. Jucunda	Machado de Assis	1884.0	Male	1800.0
D. Mônica	Machado de Assis	1884.0	Male	1800.0
D. Paula	Machado de Assis	1884.0	Male	1800.0
D. Pedro	Alexandre Herculano	1843.0	Male	1800.0
Da Literatura fantástica (teorias e contos)	Marcio Cícero de Sá	2017.0	Male	2000.0
Da mais alta janela da minha casa	Alberto Caeiro da Silva	1914.0	Male	1900.0
Dadá	Auta de Sousa	1918.0	Female	1900.0
Dalila	Antônio Frederico de Castro Alves	1871.0	Male	1800.0
De Cima para Baixo	Artur Azevedo	1904.0	Male	1900.0
De Jerssey a Granville	Alexandre Herculano	1843.0	Male	1800.0
De joelhos	Auta de Sousa	1918.0	Female	1900.0
De joelhos	Casimiro de Abreu	1855.0	Male	1800.0
De que morredes, filha, a do corpo velido?	Dom Dinis	1300.0	Male	1300.0
Decadência de dois grandes homens	Machado de Assis	1884.0	Male	1800.0
Demônios	Aluísio Azevedo	1893.0	Male	1800.0
Dentro da noite	João do Rio	1906.0	Male	1900.0
Denúncia Involuntária	Artur Azevedo	1904.0	Male	1900.0
Desconexo desejo	Hilário Pio	2017.0	Male	2000.0
Descrição da Ilha de Itaparica	Frei Manuel de Santa Maria Itaparica	1673.0	Male	1600.0
Desencantos	Machado de Assis	1864.0	Male	1800.0
Desespero	Antônio Frederico de Castro Alves	1871.0	Male	1800.0
Deste modo ou daquele modo	Alberto Caeiro da Silva	1914.0	Male	1900.0
Diana	Machado de Assis	1884.0	Male	1800.0
Dirceu de Marília	Joaquim Norberto de Souza e Silva	1844.0	Male	1800.0
Discurso de Posse na ABL	Emílio de Meneses	1900.0	Male	1900.0
Discurso sobre a História da Literatura do Brasil	Domingos Gonçalves de Magalhães	1836.0	Male	1800.0
Dispersão	Mário de Sá-Carneiro	1914.0	Male	1900.0
Diva	José de Alencar	1864.0	Male	1800.0
Dizem que em cada coisa uma coisa oculta mora	Alberto Caeiro da Silva	1914.0	Male	1900.0
Dizes-me: tu és mais alguma cousa	Alberto Caeiro da Silva	1914.0	Male	1900.0
Dizia la fremozinha	Afonso Sanches	1250.0	Male	1200.0
Diálogo dos ecos	Antônio Frederico de Castro Alves	1871.0	Male	1800.0
Diálogos das Grandezas do Brasil	Izaak Walton	1599.0	Male	1500.0
Diário íntimo	Afonso Henriques de Lima Barreto	1919.0	Male	1900.0
Do Livro do Desassossego	Fernando Pessoa	1982.0	Male	1900.0
Dois proveitos em um saco	França Júnior	1879.0	Male	1800.0
Dom Casmurro	Machado de Assis	1899.0	Male	1800.0
Don Quixote. Vol. 1	Miguel de Cervantes Saavedra	1605.0	Male	1600.0
Don Quixote. Vol. 2	Miguel de Cervantes Saavedra	1605.0	Male	1600.0
Dona Eulália	Artur Azevedo	1904.0	Male	1900.0
Dona Guidinha do Poço	Manuel de Oliveira Paiva	1885.0	Male	1800.0
Dores	Casimiro de Abreu	1855.0	Male	1800.0
Duas Apostas	Artur Azevedo	1904.0	Male	1900.0
Duas Juízas	Machado de Assis	1865.0	Male	1800.0
Dívida Extinta	Machado de Assis	1884.0	Male	1800.0
Eficiência Militar	Afonso Henriques de Lima Barreto	1919.0	Male	1900.0
Elefantes e Ursos	Artur Azevedo	1904.0	Male	1900.0
Elogio da vaidade	Machado de Assis	1884.0	Male	1800.0
Em Sonhos	Artur Azevedo	1904.0	Male	1900.0
Em busca dos contos perdidos	Mariza B. T. Mendes	2017.0	Female	2000.0
En grave día, senhor, que vos oí	Dom Dinis	1300.0	Male	1300.0
Encarnação	José de Alencar	1893.0	Male	1800.0
Encher tempo	Machado de Assis	1876.0	Male	1800.0
Encontros Reveladores	Artur Azevedo	1904.0	Male	1900.0
Ensaio Histórico sobre as Letras no Brasil	Francisco Adolfo de Varnhagen	1857.0	Male	1800.0
Entre 1892 e 1894	Machado de Assis	1894.0	Male	1800.0
Entre Marília e a pátria	Frei Caneca	1825.0	Male	1800.0
Entre Santos	Machado de Assis	1865.0	Male	1800.0
Entre a Missa e o Almoço	Artur Azevedo	1904.0	Male	1900.0
Entre a juntura dos ossos. (Coleção literatura para todos; v. 5)	Vera Lúcia de Oliveira	2007.0	Female	2000.0
Entre duas datas	Machado de Assis	1884.0	Male	1800.0
Entrei para o Clube Jácome	França Júnior	1879.0	Male	1800.0
Epaminondas	Artur Azevedo	1904.0	Male	1900.0
Epicédio	Cláudio Manuel da Costa (Glauceste Satúrnio)	1768.0	Male	1700.0
Ernesto de Tal	Machado de Assis	1865.0	Male	1800.0
Erótica	Rafael Rodrigues Gomes	2017.0	Male	2000.0
Esaú e Jacó	Machado de Assis	1904.0	Male	1900.0
Esparsos e Inéditos	Emílio de Meneses	1900.0	Male	1900.0
Espumas Flutuantes	Antônio Frederico de Castro Alves	1870.0	Male	1800.0
Este mundo da injustiça globalizada	José Saramago	2002.0	Male	2000.0
Estórias de Jenni	François-Marie Arouet (Voltaire)	1759.0	Male	1700.0
Eterno!	Machado de Assis	1884.0	Male	1800.0
Eu	Augusto dos Anjos	1912.0	Male	1900.0
Eu e Outras Poesias	Augusto dos Anjos	1912.0	Male	1900.0
Eu nasci além dos mares	Casimiro de Abreu	1855.0	Male	1800.0
Eu nunca guardei rebanhos	Alberto Caeiro da Silva	1914.0	Male	1900.0
Eu sou a vida; eu não sou a morte	Qorpo Santo	1866.0	Male	1800.0
Eurico, o Presbítero	Alexandre Herculano	1844.0	Male	1800.0
Evolução	Machado de Assis	1884.0	Male	1800.0
Ex Cathedra	Machado de Assis	1884.0	Male	1800.0
Fabulario	Coelho Neto	1900.0	Male	1900.0
Falando ao Coração	Auta de Sousa	1918.0	Female	1900.0
Falas de civilização, e de não dever ser	Alberto Caeiro da Silva	1914.0	Male	1900.0
Falenas	Machado de Assis	1870.0	Male	1800.0
Família composta. (Coleção literatura para todos; v. 7)	Domingos Pellegrini	2007.0	Male	2000.0
Farsa de Inês Pereira	Gil Vicente	1523.0	Male	1500.0
Farsa do Velho da Horta	Gil Vicente	1523.0	Male	1500.0
Farsa ou Auto de Inês Pereira	Gil Vicente	1523.0	Male	1500.0
Faróis	João da Cruz e Sousa	1900.0	Male	1900.0
Fatalidade	Artur Azevedo	1904.0	Male	1900.0
Fefa	Auta de Sousa	1918.0	Female	1900.0
Feira dos anexins	Francisco Manuel de Melo	1661.0	Male	1600.0
Feitos de Mem de Sá	Pe. José de Anchieta	1584.0	Male	1500.0
Felicidade pelo Casamento	Machado de Assis	1865.0	Male	1800.0
Feliz	Auta de Sousa	1918.0	Female	1900.0
Fernando e Fernanda	Machado de Assis	1865.0	Male	1800.0
Ficções do interlúdio: para além do outro oceano de Coelho Pacheco.	Fernando Pessoa	2017.0	Male	2000.0
Filomena Borges	Aluísio Azevedo	1884.0	Male	1800.0
Filosofia de um par de botas	Machado de Assis	1884.0	Male	1800.0
Flor anônima	Machado de Assis	1884.0	Male	1800.0
Flor de Sangue	Valentim Magalhães	1875.0	Male	1800.0
Flor de pitanga	William Henrique Stutz	2007.0	Male	2000.0
Flor do Campo	Auta de Sousa	1918.0	Female	1900.0
Flores da Noite	Lycurgo José Henrique de Paiva	1875.0	Male	1800.0
Foi Buscar Lã...	Afonso Henriques de Lima Barreto	1919.0	Male	1900.0
Folha negra	Casimiro de Abreu	1855.0	Male	1800.0
Folha rota	Machado de Assis	1884.0	Male	1800.0
Folhas Caídas	João Batista da Silva Leitão de Almeida Garrett	1853.0	Male	1800.0
Fragmentos de meu tempo	Geraldo Pereira	2008.0	Male	2000.0
Francisca	Machado de Assis	1865.0	Male	1800.0
Frei Simão	Machado de Assis	1865.0	Male	1800.0
Fritzmac	Artur Azevedo	1904.0	Male	1900.0
Fulano	Machado de Assis	1865.0	Male	1800.0
Galeria Póstuma	Machado de Assis	1884.0	Male	1800.0
Gardenia	Salomão Rovedo	2007.0	Male	2000.0
Girândola de Amores	Aluísio Azevedo	1884.0	Male	1800.0
Goivos	Auta de Sousa	1918.0	Female	1900.0
Goivos e Camélias	Machado de Assis	1865.0	Male	1800.0
Goyaz	Visconde de Taunay	1875.0	Male	1800.0
Grãos de mostarda	Humberto de Campos	1919.0	Male	1900.0
Guerras do Alecrim e da Manjerona	Antônio José da Silva	1737.0	Male	1700.0
Habilidoso	Machado de Assis	1884.0	Male	1800.0
Hanna	Rilvan Batista de Santana	2017.0	Male	2000.0
Hebréia	Antônio Frederico de Castro Alves	1871.0	Male	1800.0
Helena	Machado de Assis	1876.0	Male	1800.0
Henriqueta Renan	Machado de Assis	1865.0	Male	1800.0
Herói à Força	Artur Azevedo	1904.0	Male	1900.0
Hino ao sono	Antônio Frederico de Castro Alves	1871.0	Male	1800.0
História Vulgar	Artur Azevedo	1904.0	Male	1900.0
História comum	Machado de Assis	1884.0	Male	1800.0
História da Conjuração Mineira	Joaquim Norberto de Souza e Silva	1844.0	Male	1800.0
História da Literatura Brasileira	José Veríssimo Dias de Matos	1888.0	Male	1800.0
História da Literatura Brasileira: Fatores da Literatura Brasileira	Sílvio Romero	1888.0	Male	1800.0
História da Província de Santa Cruz	Pero de Magalhães Gândavo	1576.0	Male	1500.0
História da Província de Santa Cruz, A que Vulgarmente Chamamos Brasil	Pero de Magalhães Gândavo	1576.0	Male	1500.0
História da literatura portuguesa (recapitulação): Idade média	Teófilo Braga	1906.0	Male	1900.0
História da literatura portuguesa: teatro clássico no século XVI e XVII	Teófilo Braga	1906.0	Male	1900.0
História de Quinze Dias	Machado de Assis	1884.0	Male	1800.0
História de um Dominó	Artur Azevedo	1904.0	Male	1900.0
História de um Soneto	Artur Azevedo	1904.0	Male	1900.0
História de um crime	Antônio Frederico de Castro Alves	1871.0	Male	1800.0
História de uma lágrima	Machado de Assis	1865.0	Male	1800.0
História do Futuro, Vol. I	Pe. Antônio Vieira	1718.0	Male	1700.0
História do Futuro, Vol. II	Pe. Antônio Vieira	1718.0	Male	1700.0
História do compadre rico e do compadre pobre	Adolfo Coelho	1875.0	Male	1800.0
Histórias da Meia-Noite	Machado de Assis	1873.0	Male	1800.0
Histórias e Sonhos	Afonso Henriques de Lima Barreto	1919.0	Male	1900.0
Histórias e Tradições da Província de Minas Gerais	Bernardo Guimarães	1872.0	Male	1800.0
Histórias sem Data	Machado de Assis	1884.0	Male	1800.0
Hoje Avental, amanhã Luva	Machado de Assis	1884.0	Male	1800.0
Hoje sou um; e amanhã outro	Qorpo Santo	1866.0	Male	1800.0
Horas tristes	Casimiro de Abreu	1855.0	Male	1800.0
Hospital das letras	Francisco Manoel de Melo	1661.0	Male	1600.0
Há metafísica bastante em não pensar em nada	Alberto Caeiro da Silva	1914.0	Male	1900.0
Há poetas que são artistas	Alberto Caeiro da Silva	1914.0	Male	1900.0
Hóspede	Pardal Mallet	1875.0	Male	1800.0
Iaiá Garcia	Machado de Assis	1878.0	Male	1800.0
Identidade	Machado de Assis	1884.0	Male	1800.0
Identidades, poderes e saberes em um programa popular da televisão brasileira: uma abordagem discursiva	Carlos Renato Lopes	2017.0	Male	2000.0
Idéias do Canário	Machado de Assis	1884.0	Male	1800.0
Ilha. Retratos encontrados num álbum esquecido...	Salomão Rovedo	2007.0	Male	2000.0
Iluminuras	Arthur Rimbaud	1874.0	Male	1800.0
Ilusão	Casimiro de Abreu	1855.0	Male	1800.0
Immensis orbitus anguis	Antônio Frederico de Castro Alves	1871.0	Male	1800.0
In Extremis	Artur Azevedo	1904.0	Male	1900.0
Infância	Casimiro de Abreu	1855.0	Male	1800.0
Ingenuidade	Artur Azevedo	1904.0	Male	1900.0
Ingleses na Costa	França Júnior	1879.0	Male	1800.0
Inocência	Visconde de Taunay	1875.0	Male	1800.0
Inspirações da Tarde	Bernardo Guimarães	1872.0	Male	1800.0
Inspirações do claustro	Luís José Junqueira Freire	1820.0	Male	1800.0
Inéditos e esparsos	Júlio Dinis	1875.0	Male	1800.0
Iracema	José de Alencar	1865.0	Male	1800.0
Jesus! Maria!	Auta de Sousa	1918.0	Female	1900.0
Jesuítas	Antônio Frederico de Castro Alves	1871.0	Male	1800.0
Jogo do Bicho	Machado de Assis	1884.0	Male	1800.0
João Fernandes	Machado de Assis	1865.0	Male	1800.0
João Silva	Artur Azevedo	1904.0	Male	1900.0
Juca-Pirama	Antônio Gonçalves Dias	1851.0	Male	1800.0
Juramento	Casimiro de Abreu	1855.0	Male	1800.0
Juriti	Casimiro de Abreu	1855.0	Male	1800.0
Laranja-da-China	Antônio de Alcântara Machado	1926.0	Male	1900.0
Lendas do Sul	João Simões Lopes Neto	1912.0	Male	1900.0
Lendas e Narrativas (Tomo I)	Alexandre Herculano	1851.0	Male	1800.0
Leonce e Lena	George Büchner	1836.0	Male	1800.0
Leonor de Mendonça	Antônio Gonçalves Dias	1851.0	Male	1800.0
Leram-me hoje S. Francisco de Assis	Alberto Caeiro da Silva	1914.0	Male	1900.0
Letra vencida	Machado de Assis	1884.0	Male	1800.0
Letras livres: disseminando cultura!	Pedro Anízio Gomes	2017.0	Male	2000.0
Linha Reta e Linha Curva	Machado de Assis	1884.0	Male	1800.0
Lira dos Vinte Anos	Manuel Antônio Álvares de Azevedo	1853.0	Male	1800.0
Literatura para todos: conversa com educadores	Ligia Cademartori	2007.0	Female	2000.0
Livro das donas e donzelas	Júlia Lopes de Almeida	1899.0	Female	1800.0
Livro de Mágoas	Florbela Espanca	1919.0	Female	1900.0
Livro de Sóror Saudade	Florbela Espanca	1919.0	Female	1900.0
Livro do Desassossego	Fernando Pessoa	1982.0	Male	1900.0
Livros das Donas e Donzelas	Júlia Lopes de Almeida	1899.0	Female	1800.0
Livrovivo 2000 - 2002	Ricardo de Lima Barreto	2007.0	Male	2000.0
Lição de Botânica	Machado de Assis	1884.0	Male	1800.0
Loli	Auta de Sousa	1895.0	Female	1800.0
Longe dos Olhos	Machado de Assis	1876.0	Male	1800.0
Loucura divina	Antônio Frederico de Castro Alves	1870.0	Male	1800.0
Lucrécias	Bruno Seabra	1871.0	Male	1800.0
Lucíola	José de Alencar	1862.0	Male	1800.0
Luxo e Vaidade	Joaquim Manuel de Macedo	1860.0	Male	1800.0
Luz e Sombra	Auta de Sousa	1875.0	Female	1800.0
Luzia-Homem	Domingos Olímpio Braga Cavalcanti	1903.0	Male	1900.0
Luís Soares	Machado de Assis	1878.0	Male	1800.0
Lágrimas de Xerxes	Machado de Assis	1869.0	Male	1800.0
Léo, o pardo. (Coleção literatura para todos; v. 6)	Rinaldo Santos Teixeira	1960.0	Male	1900.0
Macbeth	William Shakespeare	1623.0	Male	1600.0
Macário	Manuel Antônio Álvares de Azevedo	1855.0	Male	1800.0
Madalena. (Coleção literatura para todos; v.1)	Cristiane Dantas	2010.0	Female	2000.0
Madresilvas	Brasílio Machado	1878.0	Male	1800.0
Mal por Mal...	Artur Azevedo	1886.0	Male	1800.0
Mana Maria	Antônio de Alcântara Machado	1926.0	Male	1900.0
Manel Capineiro	Afonso Henriques de Lima Barreto	1915.0	Male	1900.0
Mano	Coelho Neto	1893.0	Male	1800.0
Manuscrito de um Sacristão	Machado de Assis	1883.0	Male	1800.0
Marcha Fúnebre	Machado de Assis	1863.0	Male	1800.0
Marginalidade, violência e testemunho nos contos de Marcelino Freire	Flávia Heloísa Unbehaum Ferraz	2008.0	Female	2000.0
Marginália	Afonso Henriques de Lima Barreto	1913.0	Male	1900.0
Maria	Antônio Frederico de Castro Alves	1871.0	Male	1800.0
Maria Cora	Machado de Assis	1861.0	Male	1800.0
Maria Dusá	Lindolfo Rocha	1907.0	Male	1900.0
Maria Madalena	Rilvan Batista de Santana	2015.0	Male	2000.0
Maria Rosa Mística	Pe. Antônio Vieira	1686.0	Male	1600.0
Maria Rosa Mística Excelências, Poderes e Maravilha do seu Rosário	Pe. Antônio Vieira	1686.0	Male	1600.0
Mariana	Machado de Assis	1871.0	Male	1800.0
Marília de Dirceu	Tomáz Antônio Gonzaga	1792.0	Male	1700.0
Mater	Auta de Sousa	1880.0	Female	1800.0
Mateus e Mateusa	Qorpo Santo	1874.0	Male	1800.0
Mattos, Malta ou Matta?	Aluísio Azevedo	1885.0	Male	1800.0
Maîtres de plaisir [construtores de imagens]	Jeferson Francisco Selbach	1997.0	Male	1900.0
Meia hora de cinismo	França Júnior	1870.0	Male	1800.0
Mel	Salomão Rovedo	1935.0	Male	1900.0
Memorial de Aires	Machado de Assis	1908.0	Male	1900.0
Memorial de um Passageiro de Bonde	Amadeu Amaral	1912.0	Male	1900.0
Memorial de um passageiro de bonde	Amadeu Amaral	1912.0	Male	1900.0
Memórias Póstumas de Brás Cubas	Machado de Assis	1881.0	Male	1800.0
Memórias da Rua do Ouvidor	Joaquim Manuel de Macedo	1877.0	Male	1800.0
Memórias de um Sargento de Milícias	Manuel Antônio de Almeida	1882.0	Male	1800.0
Memórias e Cotidiano do Rio de Janeiro no Tempo do Rei: trechos selecionados das cartas de Luís Joaquim dos Santos Marrocos	Luís Joaquim dos Santos Marrocos	1985.0	Male	1900.0
Menina e Moça	Bernardim Ribeiro	1554.0	Male	1500.0
Mensagem	Fernando Pessoa	1934.0	Male	1900.0
Metafísica das Rosas	Machado de Assis	1888.0	Male	1800.0
Meus oito anos	Casimiro de Abreu	1860.0	Male	1800.0
Micrômegas	François-Marie Arouet (Voltaire)	1752.0	Male	1700.0
Milagre do Natal	Afonso Henriques de Lima Barreto	1920.0	Male	1900.0
Miloca	Machado de Assis	1897.0	Male	1800.0
Mimo de Anos	Auta de Sousa	1882.0	Female	1800.0
Minh'alma é triste	Casimiro de Abreu	1860.0	Male	1800.0
Minha formação	Joaquim Nabuco	1900.0	Male	1900.0
Minha mãe	Casimiro de Abreu	1860.0	Male	1800.0
Minh’Alma e o Verso	Auta de Sousa	1888.0	Female	1800.0
Miss Dollar	Machado de Assis	1891.0	Male	1800.0
Missa do Galo	Machado de Assis	1899.0	Male	1800.0
Missal	João da Cruz e Sousa	1893.0	Male	1800.0
Mocidade	Casimiro de Abreu	1860.0	Male	1800.0
Mocidade e Morte	Alexandre Herculano	1871.0	Male	1800.0
Mocidade e morte	Antônio Frederico de Castro Alves	1857.0	Male	1800.0
Mocidade morta	Luis Gonzaga Duque Estrada	1901.0	Male	1900.0
Momento literário	João do Rio	1907.0	Male	1900.0
Moreninha	Casimiro de Abreu	1860.0	Male	1800.0
Morta que Mata	Artur Azevedo	1888.0	Male	1800.0
Mortalhas	Emílio de Meneses	1894.0	Male	1800.0
Motta Coqueiro ou A pena de morte	José do Patrocínio	1876.0	Male	1800.0
Mudo e quedo	Antônio Frederico de Castro Alves	1871.0	Male	1800.0
Muitos anos depois	Machado de Assis	1899.0	Male	1800.0
Mulheres: história e direitos	Jeferson Francisco Selbach	2015.0	Male	2000.0
Munúsciulo Métrico	Cláudio Manuel da Costa (Glauceste Satúrnio)	1751.0	Male	1700.0
Murmúrios da tarde	Antônio Frederico de Castro Alves	1871.0	Male	1800.0
Máximas, Pensamentos e Reflexões	Marquês de Maricá	1836.0	Male	1800.0
Mãe	José de Alencar	1875.0	Male	1800.0
Mãe penitente	Antônio Frederico de Castro Alves	1871.0	Male	1800.0
Médico é Remédio	Machado de Assis	1897.0	Male	1800.0
Médico é remédio	Machado de Assis	1897.0	Male	1800.0
Na Academia Brasileira de Letras	Machado de Assis	1897.0	Male	1800.0
Na Arca	Machado de Assis	1896.0	Male	1800.0
Na Capelinha	Auta de Sousa	1886.0	Female	1800.0
Na Exposição	Artur Azevedo	1884.0	Male	1800.0
Na Horta	Artur Azevedo	1898.0	Male	1800.0
Na fonte	Antônio Frederico de Castro Alves	1871.0	Male	1800.0
Na margem	Antônio Frederico de Castro Alves	1871.0	Male	1800.0
Na primeira página	Auta de Sousa	1889.0	Female	1800.0
Na rede	Casimiro de Abreu	1860.0	Male	1800.0
Negra Rosa & Outros Poemas	José Neres	1999.0	Male	1900.0
Nem uma nem outra	Machado de Assis	1880.0	Male	1800.0
Never more	Auta de Sousa	1901.0	Female	1900.0
No País dos Ianques	Adolfo Caminha	1894.0	Male	1800.0
No Templo	Auta de Sousa	1885.0	Female	1800.0
No barco	Antônio Frederico de Castro Alves	1871.0	Male	1800.0
No dia brancamente nublado entristeço	Alberto Caeiro da Silva	1914.0	Male	1900.0
No jardim	Casimiro de Abreu	1860.0	Male	1800.0
No lar	Casimiro de Abreu	1860.0	Male	1800.0
No leito	Casimiro de Abreu	1860.0	Male	1800.0
No monte	Antônio Frederico de Castro Alves	1871.0	Male	1800.0
No país dos ianques	Adolfo Caminha	1894.0	Male	1800.0
No álbum do artista	Antônio Frederico de Castro Alves	1871.0	Male	1800.0
Noite de Almirante	Machado de Assis	1884.0	Male	1800.0
Noite na Taverna	Manuel Antônio Álvares de Azevedo	1855.0	Male	1800.0
Noivado	Casimiro de Abreu	1860.0	Male	1800.0
Non chegou, madre, o meu amigo	Dom Dinis	1300.0	Male	1300.0
Nos campos	Antônio Frederico de Castro Alves	1871.0	Male	1800.0
Notas Semanais	Machado de Assis	1876.0	Male	1800.0
Notas do dia: commemorando	Afonso Arinos	1921.0	Male	1900.0
Nova Viagem à Lua	Artur Azevedo	1884.0	Male	1800.0
Novas relíquias	Machado de Assis	1893.0	Male	1800.0
Novela e Conto	Amadeu Amaral	1929.0	Male	1900.0
Novos Cantos	Antônio Gonçalves Dias	1857.0	Male	1800.0
Num meio-dia de fim de primavera	Alberto Caeiro da Silva	1914.0	Male	1900.0
Numa e a Ninfa	Afonso Henriques de Lima Barreto	1891.0	Male	1800.0
Nunca mais	Auta de Sousa	1893.0	Female	1800.0
Não Consultes Médico	Machado de Assis	1899.0	Male	1800.0
Não consultes Médico	Machado de Assis	1899.0	Male	1800.0
Não tenho pressa	Alberto Caeiro da Silva	1914.0	Male	1900.0
Não tenho pressa: não a têm o sol e a lua	Alberto Caeiro da Silva	1914.0	Male	1900.0
Não é mel para a boca do asno	Machado de Assis	1885.0	Male	1800.0
O 15 e o 17	Artur Azevedo	1876.0	Male	1800.0
O Abolicionismo	Joaquim Nabuco	1883.0	Male	1800.0
O Alcaide de Santarém	Alexandre Herculano	1842.0	Male	1800.0
O Alforge da Boa Razão	Bruno Seabra	1871.0	Male	1800.0
O Alienista	Machado de Assis	1882.0	Male	1800.0
O Anel de Polícrates	Machado de Assis	1884.0	Male	1800.0
O Anjo Caído	João Batista da Silva Leitão de Almeida Garrett	1838.0	Male	1800.0
O Arco de Sant'ana	João Batista da Silva Leitão de Almeida Garrett	1838.0	Male	1800.0
O Asa-negra	Artur Azevedo	1888.0	Male	1800.0
O Ateneu	Raul Pompéia	1888.0	Male	1800.0
O BAILE DO JUDEU	Inglês de Sousa	1870.0	Female	1800.0
O Badejo	Artur Azevedo	1886.0	Male	1800.0
O Banqueiro Anarquista	Fernando Pessoa	1922.0	Male	1900.0
O Barão de Pituaçu	Artur Azevedo	1871.0	Male	1800.0
O Bispo Negro	Alexandre Herculano	1843.0	Male	1800.0
O Bobo	Alexandre Herculano	1843.0	Male	1800.0
O Bote de rapé	Machado de Assis	1870.0	Male	1800.0
O Brasil anedótico	Humberto de Campos	1912.0	Male	1900.0
O Cabeleira	Franklin Távora	1876.0	Male	1800.0
O Califa da Rua do Sabão	Artur Azevedo	1896.0	Male	1800.0
O Cancioneiro Português da Vaticana	Teófilo Braga	1904.0	Male	1900.0
O Castelo da Faria	Alexandre Herculano	1836.0	Male	1800.0
O Caçador Doméstico	Afonso Henriques de Lima Barreto	1924.0	Male	1900.0
O Caçador de Esmeraldas	Olavo Bilac	1906.0	Male	1900.0
O Cemitério dos Vivos	Afonso Henriques de Lima Barreto	1923.0	Male	1900.0
O Chapéu	Artur Azevedo	1886.0	Male	1800.0
O Conde d'Abranhos	José Maria Eça de Queirós	1866.0	Male	1800.0
O Coração e o Beijo	Auta de Sousa	1888.0	Female	1800.0
O Cortiço	Aluísio Azevedo	1890.0	Male	1800.0
O Coruja	Aluísio Azevedo	1886.0	Male	1800.0
O Crime do Padre Amaro	José Maria Eça de Queirós	1875.0	Male	1800.0
O Cuco	Artur Azevedo	1892.0	Male	1800.0
O Cônego ou Metafísica do Estilo	Machado de Assis	1889.0	Male	1800.0
O D N A de Emanuel	Rilvan Batista de Santana	2007.0	Male	2000.0
O Defunto	Thomaz Lopes	1862.0	Male	1800.0
O Demônio Familiar	José de Alencar	1857.0	Male	1800.0
O Devanear do Céptico	Bernardo Guimarães	1889.0	Male	1800.0
O Dicionário	Machado de Assis	1880.0	Male	1800.0
O Diletante	Artur Azevedo	1884.0	Male	1800.0
O Diplomático	Machado de Assis	1888.0	Male	1800.0
O Dote	Artur Azevedo	1888.0	Male	1800.0
O Duplo	Coelho Neto	1904.0	Male	1900.0
O Elixir da Longa Vida	Honoré de Balzac	1830.0	Male	1800.0
O Elixir do Pajé	Bernardo Guimarães	1878.0	Male	1800.0
O Elogio da Mentira e outras histórias	Lycio de Faria	1901.0	Male	1900.0
O Empréstimo	Machado de Assis	1884.0	Male	1800.0
O Enfermeiro	Machado de Assis	1860.0	Male	1800.0
O Ermitão de Muquém	Bernardo Guimarães	1876.0	Male	1800.0
O Ermitão do Muquém	Bernardo Guimarães	1876.0	Male	1800.0
O Escravocrata	Artur Azevedo	1888.0	Male	1800.0
O Espelho	Machado de Assis	1882.0	Male	1800.0
O Espírito	Artur Azevedo	1884.0	Male	1800.0
O Esqueleto	Aluísio Azevedo	1889.0	Male	1800.0
O Eu profundo e os outros Eus.	Fernando Pessoa	1974.0	Male	1900.0
O Falso Dom Henrique V	Afonso Henriques de Lima Barreto	1906.0	Male	1900.0
O Filho de Gabriela	Afonso Henriques de Lima Barreto	1910.0	Male	1900.0
O Galo	Artur Azevedo	1886.0	Male	1800.0
O Galã	Artur Azevedo	1879.0	Male	1800.0
O Garatuja	José de Alencar	1873.0	Male	1800.0
O Garimpeiro	Bernardo Guimarães	1872.0	Male	1800.0
O Gaúcho	José de Alencar	1870.0	Male	1800.0
O Gramático	Artur Azevedo	1878.0	Male	1800.0
O Guarani	José de Alencar	1857.0	Male	1800.0
O Guardador de Rebanhos	Fernando Pessoa	1921.0	Male	1900.0
O Homem	Aluísio Azevedo	1887.0	Male	1800.0
O Homem	Artur Azevedo	1887.0	Male	1800.0
O Homem dos Quarenta Escudos	François-Marie Arouet (Voltaire)	1759.0	Male	1700.0
O Homem que Sabia Javanês	Afonso Henriques de Lima Barreto	1911.0	Male	1900.0
O Homem que Sabia Javanês e Outros Contos	Afonso Henriques de Lima Barreto	1952.0	Male	1900.0
O Ingênuo	François-Marie Arouet (Voltaire)	1767.0	Male	1700.0
O Japão	Aluísio Azevedo	1905.0	Male	1900.0
O Jaó	Artur Azevedo	1879.0	Male	1800.0
O Judas em Sábado de Aleluia	Luís Carlos Martins Pena	1865.0	Male	1800.0
O Juiz de Paz da Roça	Luís Carlos Martins Pena	1875.0	Male	1800.0
O Lapso	Machado de Assis	1887.0	Male	1800.0
O Lencinho	Artur Azevedo	1875.0	Male	1800.0
O Liberato	Artur Azevedo	1870.0	Male	1800.0
O Livro Derradeiro	João da Cruz e Sousa	1905.0	Male	1900.0
O Livro da Lei	Aleister Crowley	1904.0	Male	1900.0
O Livro de Cesario Verde	José Joaquim Cesário Verde	1886.0	Male	1800.0
O Livro de uma Sogra	Aluísio Azevedo	1885.0	Male	1800.0
O Lobisomem	Raymundo Magalhães	1865.0	Male	1800.0
O Mambembe	Artur Azevedo	1882.0	Male	1800.0
O Mandarim	José Maria Eça de Queirós	1880.0	Male	1800.0
O Matuto	Franklin Távora	1876.0	Male	1800.0
O Mercador de Veneza	William Shakespeare	1596.0	Male	1500.0
O Meu Criado João	Artur Azevedo	1879.0	Male	1800.0
O Missionário	Inglês de Sousa	1878.0	Female	1800.0
O Mistério da Estrada de Sintra	José Maria Eça de Queirós	1870.0	Male	1800.0
O Monstro e Outros Contos	Humberto de Campos	1921.0	Male	1900.0
O Monstro e Outros contos	Humberto de Campos	1922.0	Male	1900.0
O Movimento da Independência	Manuel de Oliveira Lima	1922.0	Male	1900.0
O Moço Loiro	Joaquim Manuel de Macedo	1845.0	Male	1800.0
O Mulato	Aluísio Azevedo	1881.0	Male	1800.0
O Mundo como Está	François-Marie Arouet (Voltaire)	1743.0	Male	1700.0
O Namorador ou a Noite de São João	Luís Carlos Martins Pena	1862.0	Male	1800.0
O Navio Negreiro	Antônio Frederico de Castro Alves	1869.0	Male	1800.0
O Noviço	Luís Carlos Martins Pena	1845.0	Male	1800.0
O Número da Sepultura	Afonso Henriques de Lima Barreto	1913.0	Male	1900.0
O Oráculo	Machado de Assis	1886.0	Male	1800.0
O Pai	Machado de Assis	1860.0	Male	1800.0
O Palhaço	Artur Azevedo	1882.0	Male	1800.0
O Parnaso Obsequioso e Obras Poéticas	Cláudio Manuel da Costa (Glauceste Satúrnio)	1768.0	Male	1700.0
O Parocho da aldeia	Alexandre Herculano	1843.0	Male	1800.0
O Passado, passado	Machado de Assis	1900.0	Male	1900.0
O Paulo	Artur Azevedo	1883.0	Male	1800.0
O País das Quimeras	Machado de Assis	1900.0	Male	1900.0
O Pecado	Afonso Henriques de Lima Barreto	1904.0	Male	1900.0
O Penúltimo poema	Alberto Caeiro da Silva	1914.0	Male	1900.0
O Poeta e a Inquisição	Visconde de Araguaia	1888.0	Male	1800.0
O Primo Basílio	José Maria Eça de Queirós	1878.0	Male	1800.0
O Primo da Califórnia	Joaquim Manuel de Macedo	1878.0	Male	1800.0
O Protocolo	Machado de Assis	1882.0	Male	1800.0
O Príncipe Sapo	Adolfo Coelho	1888.0	Male	1800.0
O Príncipe de Nassau	Paulo Setúbal	1908.0	Male	1900.0
O Relógio de Ouro	Machado de Assis	1882.0	Male	1800.0
O Retrato	Artur Azevedo	1879.0	Male	1800.0
O Rio de Janeiro - Verso e Reverso	José de Alencar	1862.0	Male	1800.0
O Rio de Janeiro 1877	Artur Azevedo	1877.0	Male	1800.0
O Rio de Janeiro em 1877	Artur Azevedo	1877.0	Male	1800.0
O Romance do Prata	Paulo Setúbal	1924.0	Male	1900.0
O Sacrifício	Franklin Távora	1889.0	Male	1800.0
O Segredo de Augusta	Machado de Assis	1883.0	Male	1800.0
O Segredo do Bonzo	Machado de Assis	1894.0	Male	1800.0
O Seminarista	Bernardo Guimarães	1872.0	Male	1800.0
O Sertanejo	José de Alencar	1875.0	Male	1800.0
O Soldado	Alexandre Herculano	1843.0	Male	1800.0
O Sonho das Esmeraldas	Paulo Setúbal	1922.0	Male	1900.0
O Sonho do Conselheiro	Artur Azevedo	1879.0	Male	1800.0
O Subterrâneo do Morro do Castelo	Afonso Henriques de Lima Barreto	1915.0	Male	1900.0
O Sá	Artur Azevedo	1875.0	Male	1800.0
O Tejo é mais belo que o rio que corre pela minha aldeia	Alberto Caeiro da Silva	1914.0	Male	1900.0
O Telefone	Artur Azevedo	1890.0	Male	1800.0
O Teles e o Tobias	Machado de Assis	1872.0	Male	1800.0
O Touro Branco	François-Marie Arouet (Voltaire)	1760.0	Male	1700.0
O Touro Negro	Aluísio Azevedo	1887.0	Male	1800.0
O Tribofe	Artur Azevedo	1886.0	Male	1800.0
O Turbilhão	Coelho Neto	1907.0	Male	1900.0
O Uraguai	José Basílio da Gama	1769.0	Male	1700.0
O Vaqueano	Apolinário José Gomes Porto-Alegre	1849.0	Male	1800.0
O Velho Senado	Machado de Assis	1882.0	Male	1800.0
O Velho da Horta	Gil Vicente	1520.0	Male	1500.0
O adeus de Teresa	Antônio Frederico de Castro Alves	1872.0	Male	1800.0
O almada	Machado de Assis	1865.0	Male	1800.0
O anjo Rafael	Machado de Assis	1866.0	Male	1800.0
O anjo das donzelas	Machado de Assis	1864.0	Male	1800.0
O astrólogo	Machado de Assis	1896.0	Male	1800.0
O baile!	Casimiro de Abreu	1856.0	Male	1800.0
O balanceio de Lauro Maia	Miguel Ângelo de Azevedo (Nirez)	1884.0	Male	1800.0
O bandolim da desgraça	Antônio Frederico de Castro Alves	1871.0	Male	1800.0
O califa de platina	Machado de Assis	1882.0	Male	1800.0
O caminho da porta	Machado de Assis	1863.0	Male	1800.0
O caminho de Damasco	Machado de Assis	1860.0	Male	1800.0
O cancioneiro portuguez da Vaticana	Teófilo Braga	1910.0	Male	1900.0
O capitão Mendonça	Machado de Assis	1867.0	Male	1800.0
O carro 13	Machado de Assis	1898.0	Male	1800.0
O caso Barreto	Machado de Assis	1883.0	Male	1800.0
O caso Traps: Presságio Funesto	Rolando Júnior	2008.0	Male	2000.0
O caso da Viúva	Machado de Assis	1879.0	Male	1800.0
O caso do Romualdo	Machado de Assis	1873.0	Male	1800.0
O ciúme	Manuel Maria de Barbosa du Bocage	1799.0	Male	1700.0
O contrato	Machado de Assis	1874.0	Male	1800.0
O corpo feminino em debate	Maria Izilda Santos de Matos	2003.0	Female	2000.0
O crepúsculo sertanejo	Antônio Frederico de Castro Alves	1862.0	Male	1800.0
O defeito de família	França Júnior	1879.0	Male	1800.0
O destinado	Machado de Assis	1872.0	Male	1800.0
O dialeto caipira	Amadeu Amaral	1920.0	Male	1900.0
O escrivão Coimbra	Machado de Assis	1883.0	Male	1800.0
O estilo gótico na literatura: estudo da obra drácula, o vampiro da noite de Bram Stoker	Ana Claudia Brida	2007.0	Female	2000.0
O fantasma e a canção	Antônio Frederico de Castro Alves	1862.0	Male	1800.0
O gondoleiro do amor	Antônio Frederico de Castro Alves	1862.0	Male	1800.0
O hóspede	Antônio Frederico de Castro Alves	1871.0	Male	1800.0
O imortal	Machado de Assis	1882.0	Male	1800.0
O juiz	Rilvan Batista de Santana	2007.0	Male	2000.0
O laço de fita	Antônio Frederico de Castro Alves	1870.0	Male	1800.0
O livro D'ele	Florbela Espanca	1919.0	Female	1900.0
O livro de Jó	José Elói Otôni	1993.0	Male	1900.0
O livro e a América	Antônio Frederico de Castro Alves	1861.0	Male	1800.0
O machete	Machado de Assis	1861.0	Male	1800.0
O marido da adultera	Lúcio de Mendonça	1884.0	Male	1800.0
O melhor remédio	Machado de Assis	1882.0	Male	1800.0
O nadador	Antônio Frederico de Castro Alves	1871.0	Male	1800.0
O pastor amoroso	Fernando Pessoa	1914.0	Male	1900.0
O programa	Machado de Assis	1885.0	Male	1800.0
O quarto dos dragões	Breno Pannia Espósito	2008.0	Male	2000.0
O que são as moças	Machado de Assis	1862.0	Male	1800.0
O que são estrelas	Auta de Sousa	1885.0	Female	1800.0
O que é o Casamento?	José de Alencar	1856.0	Male	1800.0
O quê?	Casimiro de Abreu	1857.0	Male	1800.0
O quê? Valho mais que uma flor	Alberto Caeiro da Silva	1914.0	Male	1900.0
O sainete	Machado de Assis	1885.0	Male	1800.0
O segredo	Antônio Frederico de Castro Alves	1879.0	Male	1800.0
O seminarista	Bernardo Guimarães	1864.0	Male	1800.0
O sertanejo revisitado pela ficção de Euclides da Cunha	José Jonas Camelo de França	2008.0	Male	2000.0
O soldado Jacob	José Joaquim Medeiros de Albuquerque	1883.0	Male	1800.0
O sonhador	Salomão Rovedo	1935.0	Male	1900.0
O tipo brasileiro	França Júnior	1870.0	Male	1800.0
O tonel das dânaides	Antônio Frederico de Castro Alves	1879.0	Male	1800.0
O toque das almas	Wilder Machado da Cruz	2008.0	Male	2000.0
O triste fim de Policarpo Quaresma	Afonso Henriques de Lima Barreto	1911.0	Male	1900.0
O vôo do gênio	Antônio Frederico de Castro Alves	1871.0	Male	1800.0
O Último Palpite	Artur Azevedo	1881.0	Male	1800.0
O Último dia de um poeta	Machado de Assis	1860.0	Male	1800.0
O Único Assassinato de Cazuza	Afonso Henriques de Lima Barreto	1911.0	Male	1900.0
Ocidentais	Machado de Assis	1901.0	Male	1900.0
Octogenário	Artur Azevedo	1884.0	Male	1800.0
Ode ao dous de julho	Antônio Frederico de Castro Alves	1874.0	Male	1800.0
Olá, guardador de rebanhos	Alberto Caeiro da Silva	1914.0	Male	1900.0
Onda	Machado de Assis	1860.0	Male	1800.0
Ondas e Outros Poemas Esparsos	Euclides da Cunha	1905.0	Male	1900.0
Onde estás	Antônio Frederico de Castro Alves	1862.0	Male	1800.0
Ontem à tarde um homem das cidades	Alberto Caeiro da Silva	1914.0	Male	1900.0
Onze anos depois	Machado de Assis	1899.0	Male	1800.0
Orai por ele	Machado de Assis	1860.0	Male	1800.0
Os Brilhantes do Brasileiro	Camilo Castelo Branco	1862.0	Male	1800.0
Os Bruzundangas	Afonso Henriques de Lima Barreto	1923.0	Male	1900.0
Os Ciúmes de um Pedestre ou o Terrível Capitão do Mato	Luís Carlos Martins Pena	1860.0	Male	1800.0
Os Compadres	Artur Azevedo	1892.0	Male	1800.0
Os Dez por Cento	Artur Azevedo	1893.0	Male	1800.0
Os Dois Amores	Joaquim Manuel de Macedo	1879.0	Male	1800.0
Os Dois Andares	Artur Azevedo	1897.0	Male	1800.0
Os Dois ou o Inglês Maquinista	Luís Carlos Martins Pena	1858.0	Male	1800.0
Os Escravos	Antônio Frederico de Castro Alves	1866.0	Male	1800.0
Os Estrangeiros	Francisco de Sá de Miranda	1527.0	Male	1500.0
Os Filhos do Padre Anselmo	António da Costa Couto Sá de Albergaria	1854.0	Male	1800.0
Os Irmãos Leme	Paulo Setúbal	1913.0	Male	1900.0
Os Irmãos das Almas	Luís Carlos Martins Pena	1863.0	Male	1800.0
Os Lobisomens	Manuel José Araújo Porto-Alegre	1851.0	Male	1800.0
Os Lusíadas	Luís Vaz de Camões	1572.0	Male	1500.0
Os Maias	José Maria Eça de Queirós	1888.0	Male	1800.0
Os Noivos	Artur Azevedo	1895.0	Male	1800.0
Os Ouvidos do Conde de Chesterfield e o Capelão Goudman	François-Marie Arouet (Voltaire)	1760.0	Male	1700.0
Os Pobres	Raul Brandão	1906.0	Male	1900.0
Os Sertões	Euclides da Cunha	1902.0	Male	1900.0
Os Sonhos d'Ouro	José de Alencar	1902.0	Male	1900.0
Os Timbiras	Antônio Gonçalves Dias	1857.0	Male	1800.0
Os canários	Auta de Sousa	1885.0	Female	1800.0
Os deuses de casaca	Machado de Assis	1866.0	Male	1800.0
Os fidalgos da casa mourisca	Júlio Dinis	1871.0	Male	1800.0
Os retirantes	José do Patrocínio	1878.0	Male	1800.0
Os romances da semana	Joaquim Manuel de Macedo	1870.0	Male	1800.0
Os três tempos do Édipo em Lacan e a terceira margem do rio em Rosa	Eduardo Benzatti do Carmo	2008.0	Male	2000.0
Os Óculos de Pedro Antão	Machado de Assis	1869.0	Male	1800.0
Outras Poesias	Augusto dos Anjos	1909.0	Male	1900.0
PAULO	Bruno Seabra	1871.0	Male	1800.0
Paga ou Morre!	Artur Azevedo	1891.0	Male	1800.0
Pai Contra Mãe	Machado de Assis	1906.0	Male	1900.0
Palavras Tristes	Auta de Sousa	1885.0	Female	1800.0
Palavras a alguém	Casimiro de Abreu	1856.0	Male	1800.0
Pan-americano	Artur Azevedo	1898.0	Male	1800.0
Panóplias	Olavo Bilac	1888.0	Male	1800.0
Papéis Avulsos	Machado de Assis	1882.0	Male	1800.0
Papéis Velhos	Machado de Assis	1882.0	Male	1800.0
Para além da curva da estrada	Alberto Caeiro da Silva	1914.0	Male	1900.0
Para não dizer, que não falei em flores	Marco Ramos	2008.0	Male	2000.0
Paranóia delirante	Roberto Wagner Magalhães	2008.0	Male	2000.0
Parecer de Concurso Literário	Emílio de Meneses	1884.0	Male	1800.0
Pareceres de Machado de Assis	Machado de Assis	1883.0	Male	1800.0
Passei toda a noite	Alberto Caeiro da Silva	1914.0	Male	1900.0
Patkull	Antônio Gonçalves Dias	1857.0	Male	1800.0
Paulino e Roberto	Artur Azevedo	1886.0	Male	1800.0
Pedro Gobá	José Ezequiel Freire	1870.0	Male	1800.0
Pegadas urbanas: Novo Hamburgo como palco do flâneur	Jeferson Francisco Selbach	2008.0	Male	2000.0
Pennas de Garça	Auta de Sousa	1885.0	Female	1800.0
Pepita	Casimiro de Abreu	1856.0	Male	1800.0
Pequetita	Artur Azevedo	1886.0	Male	1800.0
Perdão!	Casimiro de Abreu	1856.0	Male	1800.0
Perfumes e amor	Casimiro de Abreu	1856.0	Male	1800.0
Peru versus Bolívia	Euclides da Cunha	1907.0	Male	1900.0
Pesquisa sem frescura	Jeferson Francisco Selbach	2008.0	Male	2000.0
Piedade Filial	Artur Azevedo	1885.0	Male	1800.0
Pobre Cardeal!	Machado de Assis	1886.0	Male	1800.0
Pobre Finoca	Machado de Assis	1891.0	Male	1800.0
Pobre flor!	Auta de Sousa	1880.0	Female	1800.0
Pobres Liberais!	Artur Azevedo	1879.0	Male	1800.0
Poema da Virgem	Pe. José de Anchieta	1563.0	Male	1500.0
Poema dos Feitos de Mem de Sá	Pe. José de Anchieta	1563.0	Male	1500.0
Poemas	Alphonsus de Guimarães	1893.0	Male	1800.0
Poemas	Cláudio Manuel da Costa (Glauceste Satúrnio)	1768.0	Male	1700.0
Poemas	Luís Nicolau Fagundes Varela	1863.0	Male	1800.0
Poemas Escolhidos	Cláudio Manuel da Costa (Glauceste Satúrnio)	1768.0	Male	1700.0
Poemas Humorísticos e Irônicos	João da Cruz e Sousa	1898.0	Male	1800.0
Poemas Inconjuntos	Fernando Pessoa	1930.0	Male	1900.0
Poemas Irônicos, Venenosos e Sarcásticos	Manuel Antônio Álvares de Azevedo	1853.0	Male	1800.0
Poemas Malditos	Manuel Antônio Álvares de Azevedo	1853.0	Male	1800.0
Poemas Selecionados	Florbela Espanca	1934.0	Female	1900.0
Poemas Traduzidos	Fernando Pessoa	1934.0	Male	1900.0
Poemas da Morte	Emílio de Meneses	1934.0	Male	1900.0
Poemas de Fagundes Varela	Luís Nicolau Fagundes Varela	1888.0	Male	1800.0
Poemas de Fernando Pessoa	Fernando Pessoa	1934.0	Male	1900.0
Poemas de Ricardo Reis	Fernando Pessoa	1934.0	Male	1900.0
Poemas de Álvaro de Campos	Fernando Pessoa	1934.0	Male	1900.0
Poesia Satírica e Versos de Circunstância	Emílio de Meneses	1885.0	Male	1800.0
Poesias	Luís Delfino dos Santos	1907.0	Male	1900.0
Poesias	Francisca Julia da Silva	1871.0	Female	1800.0
Poesias	Júlio Dinis	1871.0	Male	1800.0
Poesias Colegiais	Antônio Frederico de Castro Alves	1854.0	Male	1800.0
Poesias Coligidas	Antônio Frederico de Castro Alves	1854.0	Male	1800.0
Poesias Completas	Laurindo José da Silva Rabelo	1882.0	Male	1800.0
Poesias Inéditas	Fernando Pessoa	1934.0	Male	1900.0
Poesias Manuscritas	Cláudio Manuel da Costa (Glauceste Satúrnio)	1768.0	Male	1700.0
Poesias dispersas	Machado de Assis	1864.0	Male	1800.0
Poetas devem jogar poemas no lixo	Nelson Lima	2008.0	Male	2000.0
Polêmicas e reflexões	Machado de Assis	1869.0	Male	1800.0
Ponto de Vista	Machado de Assis	1889.0	Male	1800.0
Porca elegia	Salomão Rovedo	1935.0	Male	1900.0
Possível e Impossível	Machado de Assis	1882.0	Male	1800.0
Pouco a pouco o campo se alarga e se doura	Alberto Caeiro da Silva	1914.0	Male	1900.0
Poverina	Artur Azevedo	1886.0	Male	1800.0
Primas de Sapucaia	Machado de Assis	1871.0	Male	1800.0
Primaveras	Casimiro de Abreu	1859.0	Male	1800.0
Primeiras Trovas Burlescas	Luiz Gonzaga Pinto da Gama	1859.0	Male	1800.0
Primeiro Fausto	Fernando Pessoa	1934.0	Male	1900.0
Primeiro prenúncio de trovoada de depois de amanhã	Alberto Caeiro da Silva	1914.0	Male	1900.0
Primeiros Cantos	Antônio Gonçalves Dias	1846.0	Male	1800.0
Produções Satíricas e Bocageanas de Bernardo de Guimarães	Bernardo Guimarães	1852.0	Male	1800.0
Profissão de fé	Olavo Bilac	1888.0	Male	1800.0
Prosa de Circunstância	Emílio de Meneses	1885.0	Male	1800.0
Prosas Bárbaras	José Maria Eça de Queirós	1903.0	Male	1900.0
Prosopopéia	Bento Teixeira	1601.0	Male	1600.0
Puelina	Artur Azevedo	1886.0	Male	1800.0
Páginas Críticas e Comemorativas	Machado de Assis	1869.0	Male	1800.0
Páginas Recolhidas	Machado de Assis	1899.0	Male	1800.0
Pílades e Orestes	Machado de Assis	1903.0	Male	1900.0
Qual dos dois	Machado de Assis	1872.0	Male	1800.0
Quando vier a primavera	Alberto Caeiro da Silva	1914.0	Male	1900.0
Quando?!...	Casimiro de Abreu	1856.0	Male	1800.0
Quarta parte em Lisboa na Oficina de Miguel Deslandes, com todas as licenças e privilégio real	Pe. Antônio Vieira	1679.0	Male	1600.0
Quarta parte, licenças e privilégio real	Pe. Antônio Vieira	1679.0	Male	1600.0
Quase Ela deu o "sim", mas...	Afonso Henriques de Lima Barreto	1911.0	Male	1900.0
Quase ministro	Machado de Assis	1882.0	Male	1800.0
Quatro quartetos da amada cidade de São Luis	Salomão Rovedo	1935.0	Male	1900.0
Queixumes	Casimiro de Abreu	1859.0	Male	1800.0
Quem Boa Cama Faz...	Machado de Assis	1882.0	Male	1800.0
Quem Casa, Quer Casa	Luís Carlos Martins Pena	1857.0	Male	1800.0
Quem conta em conto...	Machado de Assis	1882.0	Male	1800.0
Quem ele era?	Artur Azevedo	1883.0	Male	1800.0
Quem não quer ser lobo...	Machado de Assis	1882.0	Male	1800.0
Questão de vaidade	Machado de Assis	1882.0	Male	1800.0
Quincas Borba	Machado de Assis	1891.0	Male	1800.0
Quinhentos Contos	Machado de Assis	1886.0	Male	1800.0
Recendência - poesias	Valdecir de Oliveira Anselmo	1909.0	Male	1900.0
Recordações do Escrivão Isaías Caminha	Afonso Henriques de Lima Barreto	1909.0	Male	1900.0
Redondilhas	Luís Vaz de Camões	1572.0	Male	1500.0
Regina Coeli	Auta de Sousa	1885.0	Female	1800.0
Reliquiae	Florbela Espanca	1934.0	Female	1900.0
Relíquias da Casa Velha	Machado de Assis	1906.0	Male	1900.0
Remissão de Pecados	Joaquim Manuel de Macedo	1878.0	Male	1800.0
Renascimento	Auta de Sousa	1885.0	Female	1800.0
Renato	Auta de Sousa	1885.0	Female	1800.0
Ressureição	Machado de Assis	1872.0	Male	1800.0
Retalhos	Rilvan Batista de Santana	2007.0	Male	2000.0
Rimas	Auta de Sousa	1885.0	Female	1800.0
Ritmos e idéias	Luís Murat	1920.0	Male	1900.0
Romance de uma Velha	Joaquim Manuel de Macedo	1862.0	Male	1800.0
Romances tocantinenses: uma abordagem crítica	Flávio Alves da Silva	2008.0	Male	2000.0
Rosa murcha	Casimiro de Abreu	1856.0	Male	1800.0
Rosas com espinhos (contos)	Rilvan Batista de Santana	2007.0	Male	2000.0
Ruy de Leão	Machado de Assis	1882.0	Male	1800.0
Ruy: o escudeiro	Luís da Silva Mouzinho de Albuquerque	1879.0	Male	1800.0
Róseo menino	Auta de Sousa	1885.0	Female	1800.0
Sabina	Artur Azevedo	1890.0	Male	1800.0
Sales	Machado de Assis	1863.0	Male	1800.0
Sancta Virgo Virginum: Prece	Auta de Sousa	1885.0	Female	1800.0
Sarças de Fogo	Olavo Bilac	1875.0	Male	1800.0
Saudade	Auta de Sousa	1885.0	Female	1800.0
Se depois de eu morrer	Alberto Caeiro da Silva	1914.0	Male	1900.0
Se eu morrer novo	Alberto Caeiro da Silva	1914.0	Male	1900.0
Segredos	Casimiro de Abreu	1856.0	Male	1800.0
Segundos Cantos e Sextilhas de Frei Antão	Antônio Gonçalves Dias	1848.0	Male	1800.0
Seja o que for que esteja no centro do Mundo	Alberto Caeiro da Silva	1914.0	Male	1900.0
Seleção de Obras Poéticas	Gregório de Matos	1685.0	Male	1600.0
Seleção de Obras Poéticas II	Gregório de Matos	1685.0	Male	1600.0
Sempre sonhos!...	Casimiro de Abreu	1856.0	Male	1800.0
Senhor, hoj'houvesse eu vagar	Dom Dinis	1300.0	Male	1300.0
Senhora	José de Alencar	1875.0	Male	1800.0
Senhora em cordel	Isabel Lima	2008.0	Female	2000.0
Sentimental	Salomão Rovedo	1935.0	Male	1900.0
Sentimental demais	Salomão Rovedo	1935.0	Male	1900.0
Serões da província	Júlio Dinis	1870.0	Male	1800.0
Sesmaria - Cruzeiro, o Quilombo das Luzes	Tarcísio José Martins	2008.0	Male	2000.0
Sete de setembro	Casimiro de Abreu	1856.0	Male	1800.0
Silvestre	Machado de Assis	1887.0	Male	1800.0
Simples	Auta de Sousa	1885.0	Female	1800.0
Sinais de vida no planeta Minas	Fernando Gabeira	2008.0	Male	2000.0
Singular Ocorrência	Machado de Assis	1871.0	Male	1800.0
Singularidades de uma Rapariga Loura	José Maria Eça de Queirós	1874.0	Male	1800.0
Sobre o amor, pensando sério...	Francisco Adua Esposito	2008.0	Male	2000.0
Soledade	Auta de Sousa	1885.0	Female	1800.0
Soneto da porra burra	Manuel Maria de Barbosa du Bocage	1799.0	Male	1700.0
Soneto do gozador coçador	Manuel Maria de Barbosa du Bocage	1799.0	Male	1700.0
Soneto do gozo vitorioso	Manuel Maria de Barbosa du Bocage	1799.0	Male	1700.0
Soneto do juramento	Manuel Maria de Barbosa du Bocage	1799.0	Male	1700.0
Sonetos	Luís Vaz de Camões	1572.0	Male	1500.0
Sonetos Inéditos	Cláudio Manuel da Costa (Glauceste Satúrnio)	1768.0	Male	1700.0
Sonetos e Outros Poemas	Manuel Maria de Barbosa du Bocage	1799.0	Male	1700.0
Sonhos de virgem	Casimiro de Abreu	1856.0	Male	1800.0
Sonja Sonrisal	Salomão Rovedo	1935.0	Male	1900.0
Sova bem Merecida	Artur Azevedo	1886.0	Male	1800.0
Stefan Zweig: pensamentos e perfis	Salomão Rovedo	1935.0	Male	1900.0
Suje-Se, Gordo!	Machado de Assis	1882.0	Male	1800.0
Suspiros Poéticos e Saudades	Domingos Gonçalves de Magalhães	1836.0	Male	1800.0
Sylvio	Auta de Sousa	1885.0	Female	1800.0
São Cristóvão	José Maria Eça de Queirós	1877.0	Male	1800.0
Símbolos	Emílio de Meneses	1884.0	Male	1800.0
Só	António Nobre	1892.0	Male	1800.0
Só	Machado de Assis	1860.0	Male	1800.0
Tarde	Olavo Bilac	1888.0	Male	1800.0
Tentação	Adolfo Caminha	1882.0	Male	1800.0
Teoria do Medalhão	Machado de Assis	1881.0	Male	1800.0
Terpsícore	Machado de Assis	1863.0	Male	1800.0
Textos críticos	Machado de Assis	1869.0	Male	1800.0
Til	José de Alencar	1872.0	Male	1800.0
Tipos Burlescos	Bruno Seabra	1871.0	Male	1800.0
Tipos da atualidade	França Júnior	1871.0	Male	1800.0
To be or not to be	Machado de Assis	1882.0	Male	1800.0
Toc, toc, toc, toc...	Artur Azevedo	1886.0	Male	1800.0
Tratado da Terra do Brasil	Pero de Magalhães Gândavo	1576.0	Male	1500.0
Tratado da Terra do Brasil: História da Província Santa Cruz a que Vulgarmente Chamamos Brasil	Pero de Magalhães Gândavo	1576.0	Male	1500.0
Tratado descritivo do Brasil em 1587	Gabriel Soares de Sousa	1587.0	Male	1500.0
Trina e uma	Machado de Assis	1863.0	Male	1800.0
Trio em Lá Menor	Machado de Assis	1863.0	Male	1800.0
Triunfo da Morte	Francesco Petrarca	1374.0	Male	1300.0
Troca de datas	Machado de Assis	1882.0	Male	1800.0
Tropas e boiadas	Hugo de Carvalho Ramos	1908.0	Male	1900.0
Três Gênios de Secretária	Afonso Henriques de Lima Barreto	1911.0	Male	1900.0
Três conseqüências	Machado de Assis	1882.0	Male	1800.0
Três tesouros perdidos	Machado de Assis	1863.0	Male	1800.0
Tu, só tu, puro amor	Machado de Assis	1863.0	Male	1800.0
Tubarão com a faca nas costas. (Coleção literatura para todos; v.3)	Cezar Dias	2008.0	Male	2000.0
Ubirajara	José de Alencar	1874.0	Male	1800.0
Um Apólogo	Machado de Assis	1882.0	Male	1800.0
Um Assovio	Qorpo Santo	1866.0	Male	1800.0
Um Cacete	Artur Azevedo	1886.0	Male	1800.0
Um Capitão de Voluntários	Machado de Assis	1867.0	Male	1800.0
Um Capricho	Artur Azevedo	1886.0	Male	1800.0
Um Credor da Fazenda Nacional	Qorpo Santo	1878.0	Male	1800.0
Um Desastre	Artur Azevedo	1890.0	Male	1800.0
Um Don Juan de Província	Artur Azevedo	1882.0	Male	1800.0
Um Erradio	Machado de Assis	1882.0	Male	1800.0
Um Especialista	Afonso Henriques de Lima Barreto	1911.0	Male	1900.0
Um Homem Célebre	Machado de Assis	1888.0	Male	1800.0
Um Que Vendeu a Sua Alma	Afonso Henriques de Lima Barreto	1913.0	Male	1900.0
Um Sarau no Paço de São Cristóvão	Paulo Setúbal	1912.0	Male	1900.0
Um almoço	Machado de Assis	1885.0	Male	1800.0
Um ambicioso	Machado de Assis	1882.0	Male	1800.0
Um ciclone na Paulicéia: Oswald de Andrade e os limites da vida intelectual em São Paulo (1900 - 1950)	Rubens de Oliveira Martins	2008.0	Male	2000.0
Um cão de lata ao rabo	Machado de Assis	1882.0	Male	1800.0
Um dedo de prosa, um pouco de verso	William Henrique Stutz	2008.0	Male	2000.0
Um dia de entrudo	Machado de Assis	1863.0	Male	1800.0
Um dístico	Machado de Assis	1871.0	Male	1800.0
Um esqueleto	Machado de Assis	1889.0	Male	1800.0
Um estudo de relatos de pesquisa em análise de gênero	Patrícia Marcuzzo	2008.0	Female	2000.0
Um homem superior	Machado de Assis	1870.0	Male	1800.0
Um incêndio	Machado de Assis	1875.0	Male	1800.0
Um melodrama em Santo Tirso	M. Pinheiro Chagas	1886.0	Male	1800.0
Um parto	Qorpo Santo	1886.0	Male	1800.0
Um quarto de século	Machado de Assis	1896.0	Male	1800.0
Um raio de luar	Antônio Frederico de Castro Alves	1871.0	Male	1800.0
Um sonho	Auta de Sousa	1885.0	Female	1800.0
Um sonho e outro sonho	Machado de Assis	1863.0	Male	1800.0
Uma Aposta	Artur Azevedo	1896.0	Male	1800.0
Uma Campanha Alegre - Volume I	José Maria Eça de Queirós	1871.0	Male	1800.0
Uma Carga de Sono	Artur Azevedo	1902.0	Male	1900.0
Uma Estação no Inferno	Arthur Rimbaud	1873.0	Male	1800.0
Uma Lágrima de Mulher	Aluísio Azevedo	1879.0	Male	1800.0
Uma Praga Rogada nas Escadarias da Fôrca	Camilo Castelo Branco	1861.0	Male	1800.0
Uma Pupila Rica	Joaquim Manuel de Macedo	1863.0	Male	1800.0
Uma Senhora	Machado de Assis	1887.0	Male	1800.0
Uma Visita de Alcebíades	Machado de Assis	1863.0	Male	1800.0
Uma Véspera de Reis	Artur Azevedo	1895.0	Male	1800.0
Uma carta	Machado de Assis	1882.0	Male	1800.0
Uma excursão milagrosa	Machado de Assis	1861.0	Male	1800.0
Uma loureira	Machado de Assis	1871.0	Male	1800.0
Uma noite	Machado de Assis	1885.0	Male	1800.0
Uma ode de anacreonte	Machado de Assis	1871.0	Male	1800.0
Uma partida	Machado de Assis	1871.0	Male	1800.0
Uma partida	Machado de Assis	1871.0	Male	1800.0
Uma por Outra	Artur Azevedo	1890.0	Male	1800.0
Uma por outra	Machado de Assis	1891.0	Male	1800.0
Uma primavera adiantada	Barbara Ganizev Jimenez	2008.0	Female	2000.0
Uma tragédia no Amazonas	Raul Pompéia	1908.0	Male	1900.0
Uma águia sem asas	Machado de Assis	1875.0	Male	1800.0
Umas Férias	Machado de Assis	1860.0	Male	1800.0
Uns Braços	Machado de Assis	1867.0	Male	1800.0
Utopia	Thomas Morus	1516.0	Male	1500.0
Valério	Machado de Assis	1863.0	Male	1800.0
Verba Testamentária	Machado de Assis	1882.0	Male	1800.0
Verdades Singelas	Abade de Jazente	1871.0	Male	1800.0
Verso e Reverso	José de Alencar	1869.0	Male	1800.0
Versos Antigos (1885-1889)	Emílio de Meneses	1889.0	Male	1800.0
Versos ligeiros	Auta de Sousa	1885.0	Female	1800.0
Vesperal	Coelho Neto	1908.0	Male	1900.0
Via-Láctea	Olavo Bilac	1888.0	Male	1800.0
Viagem ao Parnaso	Artur Azevedo	1888.0	Male	1800.0
Viagem à roda de mim mesmo	Machado de Assis	1873.0	Male	1800.0
Viagens na Minha Terra	João Batista da Silva Leitão de Almeida Garrett	1846.0	Male	1800.0
Vida Urbana	Afonso Henriques de Lima Barreto	1909.0	Male	1900.0
Vidros quebrados	Machado de Assis	1861.0	Male	1800.0
Vila Rica	Cláudio Manuel da Costa (Glauceste Satúrnio)	1768.0	Male	1700.0
Violeta	Raul Pompéia	1875.0	Male	1800.0
Virginius	Machado de Assis	1883.0	Male	1800.0
Visão	Casimiro de Abreu	1859.0	Male	1800.0
Vive	Alberto Caeiro da Silva	1914.0	Male	1900.0
Viver	Machado de Assis	1906.0	Male	1900.0
Viver!	Machado de Assis	1906.0	Male	1900.0
Vovó Andrade	Artur Azevedo	1895.0	Male	1800.0
Vozes d'África	Antônio Frederico de Castro Alves	1879.0	Male	1800.0
Várias Histórias	Machado de Assis	1896.0	Male	1800.0
Vênus! divina vênus!	Machado de Assis	1875.0	Male	1800.0
A Bruxa e o Caldeirão	José Leon Machado	2013.0	Male	2000.0
Amanda e os Nanorobôs	Eliú Quintiliano	2011.0	Male	2000.0
Chuva e sol	Adelina Lopes Vieira	2010.0	Female	2000.0
Conto ou não conto?	Abel Sidney	2019.0	Male	2000.0
Dom Quixote	Adelina Lopes Vieira	2010.0	Female	2000.0
Eu que vi, eu que vi	Devison Amorim do Nascimento	2019.0	Male	2000.0
Histórias da Avózinha	Alberto Figueiredo Pimentel	1900.0	Male	1900.0
Histórias que acabam aqui	Maria Teresa Lobato Fernandes Pereira Lopes	2005.0	Female	2000.0
O leão Praxedes	Tarcisio Lage	2019.0	Male	2000.0
O pacto maldito e outras histórias de morte	José Cláudio da Silva	2019.0	Male	2000.0
Pai, posso dar um soco nele?	José Cláudio da Silva	2019.0	Male	2000.0
O ramo verde	Adelina Lopes Vieira	2010.0	Female	2000.0
O ratinho Rói-Rói	Lenira Almeida Heck	2006.0	Female	2000.0
O Engeitado	Inácio Pizarro de Morais Sarmento	1846.0	Male	
O Monge de Cister	Alexandre Herculano	1848.0	Male	
Memórias de um doido	António Pedro Lopes de Mendonça	1849.0	Male	
Mistérios de Lisboa	Camilo Castelo Branco	1854.0	Male	
O Cura de São Lourenço	Maria do Monte de Santana e Vasconcelos	1855.0	Female	
Os tripeiros	António José Coelho Lousada	1857.0	Male	
O soldado de Aljubarrota	Matilde Isabel de Santana e Vasconcelos Moniz Bettencourt	1857.0	Female	
O médico do deserto	José Joaquim Rodrigues de Bastos	1857.0	Male	
Elvenda, ou Conquista de Coimbra por Fernando Magno	Manuel da Cruz Pereira Coutinho	1858.0	Male	
O que fazem mulheres	Camilo Castelo Branco	1858.0	Male	
A vida em Lisboa	Júlio César Machado	1858.0	Male	
A chave do enigma	António Feliciano de Castilho	1861.0	Male	
Arzila	Bernardino Pereira Pinheiro	1862.0	Male	
Infaustas Aventuras de Mestre Marçal Estouro	José da Silva Mendes Leal	1863.0	Male	
A pálida estrela	Raimundo António de Bulhão Pato	1864.0	Male	
A casa dos fantasmas	Luís Augusto Rebelo da Silva	1865.0	Male	
A conquista de Lisboa	Carlos Pinto de Almeida	1866.0	Male	
Os Brâmanes	Francisco Luís Gomes	1866.0	Male	
Henriqueta	Maria Peregrina de Sousa	1867.0	Female	
Tempestades do coração	João Baptista de Matos Moreira	1867.0	Female	
Os Fidalgos da Casa Mourisca	Júlio [Joaquim Guilherme Gomes Coelho] Dinis	1867.0	Male	
Febo Moniz	Joaquim Pedro de Oliveira Martins	1867.0	Male	
Os canibais	Álvaro do Carvalhal	1868.0	Male	
Uma família ingleza	Júlio [Joaquim Guilherme Gomes Coelho] Dinis	1868.0	Male	
A Morgadinha dos Canaviais	Júlio [Joaquim Guilherme Gomes Coelho] Dinis	1868.0	Male	
A Rosa do Adro	Manuel Maria Rodrigues	1870.0	Male	
O Mistério da Estrada de Sintra	José Duarte Ramalho Ortigão	1870.0	Male	
A ermida de Castromino	Antonio Augusto Teixeira de Vasconcelos	1870.0	Male	
Herança de lágrimas	Lopo de [Ana Plácido] Souza	1871.0	Female	
A filha do Cabinda	Alfredo Luís de Campos	1873.0	Male	
O Annel Mysterioso	Alberto Pimentel	1873.0	Male	
O Manuelinho de Évora	António Francisco Barata	1873.0	Male	
O Conde de S. Luís	Tomás de Melo	1874.0	Male	
A Lenda da Meia-Noite	Manuel Joaquim Pinheiro Chagas	1874.0	Male	
A senhora viscondessa	Sebastião de Magalhães Lima	1875.0	Male	
Um duelo nas sombras	António Francisco Barata	1875.0	Male	
Os selvagens	Francisco Gomes de Amorim	1875.0	Male	
El-rei dinheiro	Arnaldo Gama	1876.0	Male	
O cristão novo	Diogo de Macedo	1876.0	Male	
Alice	Maria Amália Vaz de Carvalho	1877.0	Female	
A infâmia de Frei Quintino	Urbano Loureiro	1878.0	Male	
Da parte d'el-rei	António Manuel da Cunha e Sá	1878.0	Male	
Margarida	Júlio Lourenço Pinto	1879.0	Male	
O frade arrábido	Joaquim Augusto de Oliveira Mascarenhas	1881.0	Male	
A Divorciada	José Augusto Vieira	1881.0	Male	
A ruiva	Fialho de Almeida	1881.0	Male	
O Salústio Nogueira	Francisco Teixeira de Queirós	1883.0	Male	
O Brasileiro Soares	Luís de Magalhães	1886.0	Male	
Uma Eleição Perdida	Francisco Manuel de Melo Breyner Ficalho	1888.0	Male	
A senhora duquesa	Luciano Cordeiro	1889.0	Male	
O Barão de Lavos	Abel Botelho	1891.0	Male	
O último cartuxo da Scala Caeli de Évora	António Francisco Barata	1891.0	Male	
Noites de Cintra	Alberto Pimentel	1892.0	Male	
O Dr. Luís Sandoval	Alice Moderno	1892.0	Female	
Lisboa no Ano Três Mil	Cândido de Figueiredo	1892.0	Male	
No tempo dos francezes	Francisco da Fonseca Benevides	1894.0	Male	
A guerrilha de Frei Simão	Alberto Pimentel	1895.0	Male	
Pero da Covilhã	Zeferino Norberto Gonçalves Brandão	1897.0	Male	
Ele	Claudia de Campos	1899.0	Female	
Transviado	Jaime de Magalhães Lima	1899.0	Male	
O Exilado	Maurícia C. de Figueiredo	1900.0	Female	
Os Caramurús	Artur Lobo de Ávila	1900.0	Male	
Filho das ervas	Carlos Malheiro Dias	1900.0	Male	
Amanhã	Abel Botelho	1901.0	Male	
O Conde de Castel Melhor	João Maria Evangelista Gonçalves Zarco da Câmara	1903.0	Male	
A Farsa	Raul Brandão	1903.0	Male	
Ambições	Ana de Castro Osório	1903.0	Female	
Viriato	Teófilo Braga	1904.0	Male	
A rua do oiro	Alfredo de Mesquita	1905.0	Male	
A Ala dos Namorados	António Campos Junior	1905.0	Male	
Os Bravos do Mindelo	Faustino da Fonseca	1906.0	Male	
Os quatro reis impostores	Marcelino Mesquita	1908.0	Male	
A vida por um prejuízo	Alice Pestana	1908.0	Female	
O agonizar de uma dinastia	Eduardo de Noronha	1908.0	Male	
Diário de uma criança	Ana de Castro Osório	1908.0	Female	
O Marquês da Bacalhoa	António de Albuquerque	1908.0	Male	
Sacrificada	Ana de Castro Osório	1908.0	Female	
Marina	Maria Benedicta Mousinho de Albuquerque Pinho	1912.0	Female	
A Marquesa de Vale Negro	Maria O'Neil	1914.0	Female	
Inocente	Virgínia de Castro e Almeida	1916.0	Female	
A morte vence	João José Grave	1916.0	Male	
Amor crioulo	Abel Botelho	1917.0	Male	
Húmus	Raul Brandão	1917.0	Male	
Reflexões sobre a Vaidade dos Homens	Matias Aires			
Poesia e Pintura	Manuel Pires de Almeida			
Memórias do Marquês da Fronteira e d'Alorna	Marquês de Fronteira e d'Alorna			
Cartas, Marquesa de Alorna	Marquesa de Alorna			
Regras da Língua Portuguesa, Espelho da Língua Latina	Jerónimo Contador de Argote			
Iracema, lenda do Ceará	José de Alencar			
Novo Testamento: João e Atos	João Ferreira de Almeida			
O demonio familiar: comedia em quatro actos	José de Alencar			
O tribofe: revista fluminense do ano de 1891	Arthur Azevedo			
Vida do apostólico padre Antonio Vieira	André de Barros			
Gramática, João de Barros	João de Barros			
Nova Floresta	Manuel Bernardes			
Maria Moisés	Camilo Castelo Branco			
Monarchia Lusitana	António Brandão			
Da Monarquia Lusitana	Bernardo de Brito			
Cartas, J.C. Brochado	José da Cunha Brochado			
Teatro, André Brun	Brun, André			
A Morgadinha de Val-d'Amores	Camilo Castelo Branco			
Viola de Lereno	Domingos Caldas Barbosa			
Cartas, Cavaleiro de Oliveira	Cavaleiro de Oliveira (Fco Xavier)			
Vida e Morte de Madre Helena da Cruz	Maria do Céu			
Cartas Espirituais	Antonio das Chagas			
Cartas, Antonio da Costa	Antonio da Costa			
Entremezes de Cordel	Jose Daniel Rodrigues da Costa			
A arte de furtar	Manuel da Costa			
Décadas	Diogo do Couto			
A inauguração da estátua equestre	Cascais, Joaquim da Costa			
A Morgadinha de Valflor	Manuel Pinheiro Chagas			
Teatro, António Ribeiro Chiado	António Ribeiro Chiado			
Cartas, D. João III	D. João III			
Cartas, Eça de Queirós e Oliveira Martins	J.M. Eça de Queiroz, J.P. Oliveira Martins			
Discursos vários políticos	Manuel Severim de Faria			
Teatro, Antônio Ferreira	Ferreira, Antônio			
A partilha	Miguel Falabella			
Gazeta, Manual Galhegos	Manuel de Galhegos			
Obras Completas, Correia Garção	Correia Garção			
Cartas, Almeida Garret	J. B. da Silva L. de Almeida Garrett			
Teatro, Almeida Garret	J. B. da Silva L. de Almeida Garrett			
Viagens na minha terra, Almeida Garret	J. B. da Silva L. de Almeida Garrett			
Cartas, Alexandre de Gusmão	Alexandre de Gusmão			
Crônica del-Rei D. Afonso Henriques	Duarte Galvão			
Carbonário: Artigos de D. Obá II	Cândido da Fonseca Galvão			
Eles não usam black-tie	Gianfrancisco Guarnieri			
Minha mãe é uma peça	Paulo Gustavo Amaral Monteiro de Barros			
Da pintura antiga	Francisco de Holanda			
Cahio o ministerio! Comedia original de costumes em tres actos	França Junior			
Côrte na Aldeia e Noites de Inverno	F. Rodrigues Lobo			
Crônica del-Rei Dom João I	Fernão Lopes			
Cartas, P. Manique	D. I. de Pina Manique			
Cartas Familiares, F.M. de Melo	Francisco Manuel de Melo			
Tácito Português	Francisco Manuel de Melo			
O Regente	Marcelino Mesquita			
O Fidalgo Aprendiz	Francisco Manuel de Melo			
Teatro, Francisco Sá de Miranda	Francisco Sá de Miranda			
Gazetas manuscritas da Biblioteca de Évora. Vol. I (1729-1731)	Francisco Xavier de Menezes			
Folheto de Lisboa	Luis Montez Matoso			
Mercúrio Português	António de Sousa de Macedo			
Cartas a Emília, Ramalho Ortigão	Ramalho Ortigão			
Perigrinação	Fernão Mendes Pinto			
Crônica del-Rei D. Diniz	Ruy de Pina			
O noviço: comedia em 3 actos	Luis Carlos Martins Penna			
Musa Entretenida de Vários Entremezes	Rebelo, Manoel Coelho			
A vida de Frei Bertolameu dos Mártires	Luis de Sousa			
História Sebástica	Manuel dos Santos			
Maria ou a menina roubada	Antônio Gonçalves Teixeira e Souza			
Theatro comico portuguez I	António José da Silva (o Judeu)			
Musa Jocosa de Vários Entremezes Portugueses e Castelhanos	Nuno Nisceno Sutil			
Fulana, Sicrana e Beltrana	Paulo Sacaldassy			
Theatro comico portuguez II	António José da Silva (o Judeu)			
Onde canta o sabiá	Gastão Tojeiro			
Verdadeiro Método de Estudar	L. Antonio Verney			
Cartas, Antonio Vieira	Antonio Vieira			
Historia do futuro	Padre A. Vieira			
Sermões, Antonio Vieira	Padre A. Vieira			
Teatro, Gil Vicente	Gil Vicente			
Manuscritos das Mãos Inábeis	Various			
Atas dos Brasileiros	Various			
Atas dos Africanos	Various			
Cartas Brasileiras: cultos	Various			
Cartas Brasileiras: não-cultos	Various			
Cartas para vários destinatários (1809-1904)	Various			
Cartas para Cícero Dantas Martins, Barão de Jeremoabo (1880-1903)	Various			
Gazeta de Lisboa	Various			
Jornais da Bahia (1833-1850)	Various			
Jornais da Bahia (1898-1900)	Various			
Jornais da Bahia (1945-1948)	Various			
Cartas do Senado, volume 1, 1638-1673	Various			
Cartas do Senado, volume 2, 1673-1684	Various			
Cartas do Senado, volume 3, 1694-1692	Various			
Cartas do Senado, volume 4, 1693-1698	Various			
Cartas do Senado, volume 5, 1699-1710	Various			
Cartas da Câmara, Volume 6, 1710-1730	Various			
Auto de Sao Lourenco	José de Anchieta			
Gramática	Joao de Barros			
Carta a Manuel I	Pero Vaz de Caminha			
Os Lusíadas	Luis de Camoes			
Itinerário da Viagem que Fez a Jerusalém o M.R.P.	Fracncisco Guerreiro			
Peregrinacao	Fernao Mendes Pinto			
A Vida de Frei Bartolomeu dos Mártires (Edited Orthography)	Luis de Sousa			
Mixed Texts	Gil Vicente			
Vida de Takla Haymanot	Manuel de Almeida			
Compendio da Relaçam Que Veyo da India o Anno de 1691	Vicente Barbosa			
Cartas	José da Cunha Brochado			
Gazeta	Manuel de Galhegos			
Mixed Texts (Part 1)	Gregorio de Matos			
Mixed Texts (Part 2)	Gregorio de Matos			
Sermao pelo Bom Sucesso das Armas de Portugal contra as de Holanda	Padre Antonio Vieira			
Sermao dos Bons Anos	Padre Antonio Vieira			
Sermao da Sexagésima	Padre Antonio Vieira			
Sermao do Espírito Santo	Padre Antonio Vieira			
Cartas	Padre Antonio Vieira			
Cartas	Padre Antonio Vieira			
Obras Completas	Pedro Correia Garcao			
Cartas Sobre a Educacao da Mocidade	António Nunes Ribeiro Sanches			
Vida do Grande D. Quixote de La Mancha e do Gordo Sancho Panca	Antonio José da Silva			
Esopaida ou Vida de Esopo	Antonio José da Silva			
Os Encantos de Medeia	Antonio José da Silva			
Anfitriao ou Jupiter e Alcmena	Antonio José da Silva			
O Labirinto de Creta	Antonio José da Silva			
As Verdades de Proteu	Antonio José da Silva			
Precipício de Faetonte	Antonio José da Silva			
Espumas Flutuantes	Castro Alves			
Noite na Taverna	Álvares de Azevedo			
A Condeca Vésper ou Memórias de um Condenado	Aluísio Azevedo			
Girandula de Amores ou Mistério da Tijuca	Aluisio Azevedo			
Tentacao	Adolfo Caminha			
Viagens na Minha Terra	Almeida Garrett			
Sermao Contra o Filosofismo do Séeculo XIX	José Agostinho de Macedo			
O Crime do Padre Amaro	Eca de Queiroz			
O Primo Basílio	Eca de Queiroz			
A Relíquia	Eca de Queiroz			
Os Maias	Eca de Queiroz			
A Ilustre Casa de Ramires	Eca de Queiroz			
Aves Migradoras	Fialho de Almeida			
A Pulseira de Ferro	Amadeu Amaral			
Macunaíma	Mário de Andrade			
O Triste Fim de Policarpo Quaresma	Lima Barreto			
O Cemitério dos Vivos	Lima Barreto			
Clara dos Anjos	Lima Barreto			
O Que Eu Vi, o Que Nós Veremos	Santos Dumont			
A Profissao de Jacques Pedreira	Joao do Rio			
O Gondoleiro do Amor	Castro Alves			
A capital federal	Coelho Neto			
Miragem	Coelho Neto			
Água de Juventa	Coelho Neto			
Banzo	Coelho Neto			
Rapsódias	Coelho Neto			
A cidade maravilhosa	Coelho Neto			
Romanceiro	Coelho Neto			
A bico de pena	Coelho Neto			
Os Sertões II	Euclides da Cunha			
A serpente de bronze	Humberto de Campos			
O Baile do Judeu	Inglês de Sousa			
O moço louro	Joaquim Manuel de Macedo			
Recordações do escrivão Isaías Caminha	Lima Barreto			
O Homem que Sabia Javanês e Outros Contos	Lima Barreto			
O rei dos caiporas	Machado de Assis			
Tempo de crise	Machado de Assis			
O passado	Machado de Assis			
Sem olhos	Machado de Assis			
História de uma fita azul	Machado de Assis			
Questões de maridos	Machado de Assis			
Vinte Anos! Vinte Anos!	Machado de Assis			
Bagatela	Machado de Assis			
Um para o outro	Machado de Assis			
Comentários da semana	Machado de Assis			
cronicas do Dr. Semana	Machado de Assis			
cronicas (O Futuro)	Machado de Assis			
Ao acaso	Machado de Assis			
Badaladas	Machado de Assis			
História dos Trinta Dias	Machado de Assis			
O jornal e o livro	Machado de Assis			
A reforma pelo jornal	Machado de Assis			
Aquarelas	Machado de Assis			
O Visconde de Castilho	Machado de Assis			
Cherchez la femme	Machado de Assis			
José de Alencar	Machado de Assis			
Joaquim Serra	Machado de Assis			
O futuro dos argentinos	Machado de Assis			
Henrique Chaves	Machado de Assis			
Henrique Lombaerts	Machado de Assis			
Os trabalhadores do mar	Machado de Assis			
Oliver Twist	Machado de Assis			
Suplício de uma mulher	Machado de Assis			
A afilhada	Manuel de Oliveira Paiva			
Contos	Manuel de Oliveira Paiva			
Amar, verbo intransitivo	Mário de Andrade			
Os filhos da Candinha	Mário de Andrade			
Úrsula	Maria Firmina dos Reis			
Ao Entardecer	Visconde de Taunay			
No declínio	Visconde de Taunay			
A retirada da Laguna, narrativa de campanha	Visconde de Taunay			
Poemas Escolhidos	Cláudio Manoel da Costa			
Coletânea de Obras	Alvarenga Peixoto			
Poemas Satíricos	Gregório de Matos			
Poemas Religiosos	Gregório de Matos			
Poemas Líricos	Gregório de Matos			
Sonetos e poemas	Alberto de Oliveira			
Miss Kate	Cosme Velho			
Novelas Doidas	Viriato Correia			
Canaã	Graça Aranha			
Minaretes	Viriato Correia			
Esfinge	Coelho Neto			
A esmo	Raul de Azevedo			
A escrava	Maria Firmina dos Reis			
Tríplice Aliança	Raul de Azevedo			
Gupeva	Maria Firmina dos Reis			
O Tupinambá	Souza Lima			
Pombos de Maomé	Humberto de Campos			
Coisas da vida	Alfredo de Assis			
Rei negro	Coelho Neto			
À margem da história	Euclides da Cunha			
O paroara: scenas da vida cearense e amazonica	Rodolpho Theophilo			
O cacaolista: scenas da vida do Amazonas	Inglês de Sousa			
A carteira de um neurastênico	Antonio Lobo			
A viagem maravilhosa	Graça Aranha			
Às quintas	Coelho Neto			
A Funda de Davi	Humberto de Campos			
O Ermitão da Glória	José de Alencar			
Canteiro de saudades	Coelho Neto			
Simá: Romance Histórico do Alto Amazonas	Lourenço da Silva Araújo Amazonas			
Inverno em flor	Coelho Neto			
Baú velho	Viriato Correia			
O brigue flibusteiro	Virgílio Várzea			
Adelaide de Sargans	Caetano Alves de Sousa Filgueiras			
O morto	Coelho Neto			
Últimas crônicas 	Humberto de Campos			
Paulo	Bruno Seabra			
O bandido do Rio das Mortes	Bernardo Guimarães			
Maurício	Bernardo Guimarães			
Jovens interessantes	Paulina Filadélfia			
Ida	Viriato Bandeira Duarte			
A noiva do paladino	Virgílio Várzea			
Rose-Castle	Virgílio Várzea			
Novelas paulistanas	Alcântara Machado			
Treva	Coelho Neto			
Os franceses no Rio de Janeiro	Moreira de Azevedo			
Arca açoriana	Almiro Caldeira de Andrade			
George Marcial	Virgílio Várzea			
Vale de Josafá	Humberto de Campos			
A luta	Emília Bandeira de Melo			
As minas de prata	José de Alencar			
Luzia Homem	Domingos Olímpio			
Mota Coqueiro	José do Patrocínio			
Numa e a Ninfa	Lima Barreto			
O subterrâneo do morro do castelo	Lima Barreto			
A cruz de fogo	José da Rocha Leão			
Histórias para gente alegre: A família Agulha	Luís Guimarães Júnior			
Os papéis do coronel	Harry Laus			
Statira, e Zoroastes	Lucas José de Alvarenga			
Vindita braba	Othon Gama d'Eça			
Lição Póstuma	Emília Moncorvo Bandeira de Melo			
A caolha	Júlia Lopes de Almeida			
As Três Idades	Cândida Fortes Brandão			